1.685275379460783596e-02,6.224956789811244562e-01,6.224956789811244562e-01
2.454681880737109162e-02,-6.113612267183086146e-01,6.169284528497165354e-01
2.901705735977082659e-02,-9.614288629745644243e-01,7.317619228913324614e-01
3.736464819966286294e-02,1.175652750168723060e+00,8.427346297106801387e-01
4.253688078163245234e-02,4.235416858539224449e+00,1.521271075476388956e+00
4.274936480960574159e-02,1.417865753462152156e+00,1.504036855140682860e+00
4.347317556835584434e-02,-7.848723397186745387e-01,1.401299067223253036e+00
4.404491869055122966e-02,3.009283103743857879e+00,1.602297071788328697e+00
4.664881815025823109e-02,3.139847107103250323e+00,1.773135964601097792e+00
4.828550277674735491e-02,5.577184539479631553e-01,1.651594213535784395e+00
4.890649198282780163e-02,-4.526856411961183824e+00,1.912981686119911595e+00
5.015418481709347370e-02,-1.281169063440238176e+00,1.860330634229938829e+00
5.045615179844259446e-02,-1.789591724107872039e+00,1.854889179605164307e+00
5.157053401304105555e-02,-2.659841355021985265e+00,1.912385763563508645e+00
5.450895907137147389e-02,-1.311456682243523630e-01,1.793636423874231722e+00
5.548406444892771405e-02,7.655804107906263312e-01,1.729382923056506316e+00
5.694499719959835587e-02,3.976240961870104229e+00,1.861551042986717919e+00
5.719928105221803311e-02,-1.546760381108931881e+00,1.844062672882396781e+00
5.771371520472041994e-02,2.305652016296054541e+00,1.868356848851536300e+00
5.908284439778470343e-02,8.594860439898255322e-01,1.817913308608450906e+00
5.984479162345601733e-02,1.944694371276575851e+00,1.823950502068837798e+00
6.455048143191439991e-02,-7.702693364288180078e-01,1.776055903630655131e+00
6.611351539937011801e-02,-1.814264737100131697e+00,1.777717157259762759e+00
6.798338182352499370e-02,8.622289400844763918e+00,2.062907667409137780e+00
6.849733929368682916e-02,4.402495094345582061e-01,1.998001341090154703e+00
6.901126364244754285e-02,3.746741765487321629e+00,2.065260588182353363e+00
6.993601584838542162e-02,-1.790029873376681735e+00,2.055066858004365393e+00
7.042465409103997043e-02,3.575803751850124002e+00,2.109378889927428169e+00
7.090690676431726791e-02,-2.922844305437315882e+00,2.137429421496734872e+00
7.137758913142226713e-02,1.078705464023379079e+00,2.102138622914289545e+00
7.226671572634910112e-02,4.275588491266685054e+00,2.172249908990173228e+00
7.283853545210770830e-02,2.511126224340056723e+00,2.182839793844856935e+00
7.541230578004884388e-02,-2.483452952406679515e+00,2.191949283498245471e+00
7.568742994036035954e-02,7.853006228169654435e-01,2.150577264066443117e+00
7.652346483099677077e-02,1.437179480276604693e-01,2.093238426465334978e+00
7.735082758088492050e-02,7.349624528260179090e-02,2.037134476988036624e+00
7.741272141083208047e-02,-4.852729015128687706e+00,2.113231626667513741e+00
7.775165016663837525e-02,1.164881204762973965e+00,2.088275036617394331e+00
7.788291946606687444e-02,-4.672155118005697716e+00,2.154528372037607387e+00
7.826717674815994452e-02,1.920788699783670950e-01,2.105467134486126657e+00
7.908119741814190196e-02,-3.056846302448811059e+00,2.128671504436435935e+00
7.946917427677810397e-02,-5.062882567380171395e-01,2.090043331872188048e+00
8.016628654019179734e-02,8.854845664904829050e-01,2.062030337328427443e+00
8.042682790248335822e-02,-2.263566736186032102e+00,2.066610710029737064e+00
8.099347312348270655e-02,-2.788401993107139987e+00,2.082650516320346146e+00
8.169776082906081427e-02,-4.082732594107199020e-01,2.046251010735354203e+00
8.175327513069204077e-02,-1.236199139502659250e+00,2.029015864538913583e+00
8.312124215967379992e-02,2.351735455301177780e+00,2.035739189346460254e+00
8.320138925287226539e-02,2.256954231135921418e+00,2.040253782036041130e+00
8.339162909223729603e-02,6.778918110121153973e+00,2.135027068597743494e+00
8.405195354660112417e-02,-1.735434871218211939e+00,2.127191927472654953e+00
8.449635762937968142e-02,-3.088474776887814244e+00,2.145678136115253931e+00
8.469450493159826066e-02,-6.204350170411117915e+00,2.222256853743477922e+00
8.663564557592728921e-02,2.482402750294415483e+00,2.227074370346273202e+00
8.665037022149635337e-02,-2.355917035755133782e+00,2.229416964262797674e+00
8.707344652548276720e-02,8.368515752952241371e-01,2.204549725174091090e+00
8.771940436000855157e-02,-2.535314171363733493e+00,2.210352610194961986e+00
8.816282835404025409e-02,4.702709376721614376e-01,2.180351202048016912e+00
8.991376993004768226e-02,7.359238535579777363e-01,2.155869382582084270e+00
9.027587378482924974e-02,-7.272999721538226936e-01,2.132059892408279644e+00
9.081991423688628995e-02,-7.248828421448727966e+00,2.215941343704024735e+00
9.184157967698364233e-02,-2.093340240271100328e+00,2.213963906551880800e+00
9.361110443125314484e-02,-3.237802054806216745e+00,2.230215305730521180e+00
9.370230101833876279e-02,1.505085180596964989e+01,2.430537751046757844e+00
9.444972736713588835e-02,-3.812830849150657286e+00,2.451803798709894622e+00
9.459380773926620578e-02,2.426736409088995572e+00,2.451423989776244650e+00
9.605591065452805111e-02,2.266078067598378709e+00,2.448657632728814093e+00
9.615260946379784734e-02,-8.883681916078121077e+00,2.543290342778068425e+00
9.658957998389949839e-02,9.014712099332200523e-01,2.519495862591911273e+00
9.911541630246600842e-02,2.542706174377375561e+00,2.519827438474560921e+00
9.948801285384788196e-02,2.098413668914147934e+00,2.513892033269484294e+00
9.961297830084142602e-02,-2.522716824673103986e+00,2.514014599816756679e+00
9.992444698286033489e-02,-1.217737211127349894e+00,2.496257375314161919e+00
1.002821979963753884e-01,-2.668679314876129638e+00,2.498587401524459128e+00
1.029356645649465857e-01,-3.168744766417376013e+00,2.507522833056364586e+00
1.040431192740778610e-01,2.710807632000360456e-01,2.478095963716149708e+00
1.055683091545822627e-01,4.724708799695157779e+00,2.507272753793799325e+00
1.057626548003895994e-01,-3.742822846861798780e+00,2.523113139602363386e+00
1.058159175714689509e-01,-1.666254140350432067e+00,2.512266823156136031e+00
1.060168695883542817e-01,5.613321992013133865e+00,2.551030012766848820e+00
1.061124666467103683e-01,-2.251163634698951199e+00,2.547327958716627538e+00
1.066211079604237610e-01,-1.020933962938300965e+00,2.528713397792501816e+00
1.077695997506286502e-01,-4.554134084396658011e+00,2.553116056667250611e+00
1.078070207154035176e-01,-1.517008378931201662e-01,2.524527780253272624e+00
1.093677433288048062e-01,-3.236456505315537413e+00,2.532903412312828895e+00
1.106456670126152869e-01,-3.079053284927177003e+00,2.539253992226949030e+00
1.108622838228994489e-01,-1.585531403069399659e+00,2.528291663615942930e+00
1.123513395727748082e-01,-7.365348912078218291e+00,2.583258223257559827e+00
1.124946490072078059e-01,6.599168115513208477e+00,2.628380806316612084e+00
1.126410149067832711e-01,-1.569396026874120054e+00,2.616614308767251096e+00
1.129123972714331653e-01,-2.473559434802943713e+00,2.615042277185225750e+00
1.136689827976445494e-01,-6.835937159972047539e-01,2.594048271085356294e+00
1.142273779935338157e-01,4.432062430340423020e+00,2.613811864195625834e+00
1.143288980726772514e-01,-1.889292531286628218e-01,2.588015240673636974e+00
1.146368925476614342e-01,-1.706082277656090440e+00,2.578731735799768110e+00
1.148895704667231010e-01,-3.614173927273228060e+00,2.589517591960949439e+00
1.152310717077981578e-01,-1.554827913975465492e+00,2.578850688064191932e+00
1.170590868614096447e-01,-3.874340370287551849e+00,2.592069970535858747e+00
1.174821984514752005e-01,-3.803510217149259631e+00,2.604306740703670631e+00
1.175723787570863710e-01,-6.343805058265047592e+00,2.641701723879284813e+00
1.184268272330906840e-01,9.185439199711602498e-01,2.624640755523758529e+00
1.189353375757202791e-01,-1.517820251950394095e+01,2.747714890464740822e+00
1.193434257326216608e-01,-1.049531517698434158e+01,2.822934310722212459e+00
1.207314966186341376e-01,2.435186046688173178e+00,2.819205962029577961e+00
1.213882693385442552e-01,-1.592576060553476225e+00,2.807523772491710368e+00
1.219795916545047820e-01,1.136908455657319905e+00,2.791763250634782256e+00
1.222861891338247187e-01,-1.635723440945817231e+00,2.780959140263857154e+00
1.226271838103819151e-01,-8.014152274555094380e+00,2.829414632248035133e+00
1.227502815519159601e-01,1.395508958270443856e+00,2.816259534321635449e+00
1.239765012020718898e-01,1.311616275753170413e+00,2.802580959243740288e+00
1.241306719117787616e-01,3.834799529898944570e+00,2.811880225646039566e+00
1.246005754343492422e-01,-7.099697620144667098e+00,2.850164309525491380e+00
1.267739701263033147e-01,-4.679968001644958520e+00,2.866357262553097307e+00
1.269083503809119995e-01,-5.294548297556218586e+00,2.887657183912773817e+00
1.293454410993402914e-01,8.768051840748825043e-02,2.863309560734466519e+00
1.294092876975199979e-01,7.291456799914591613e+00,2.901483243830847325e+00
1.295109897340784300e-01,1.083583648493956275e+00,2.885945640451899497e+00
1.296546432511244962e-01,8.363611079315091956e+00,2.932366534001587421e+00
1.298856399568635300e-01,1.589488831530871948e-01,2.909060503322188129e+00
1.300726893907480919e-01,5.014305349045450555e+00,2.926604210369882164e+00
1.308732901233795876e-01,-1.055625998927019893e+01,2.989659216807075026e+00
1.311937343755846530e-01,6.060204000752328568e+00,3.014827616675478605e+00
1.312881920539031022e-01,-5.006896853983391793e+00,3.031023301531640346e+00
1.317955791883909933e-01,-5.757707831838406065e+00,3.053012692905082037e+00
1.318373721209384897e-01,1.338092165244844978e+00,3.039293328683799977e+00
1.320612197792091491e-01,1.153057876554953509e+00,3.024323206047856871e+00
1.323815360254166351e-01,-6.758929844127067099e+00,3.053729557528795713e+00
1.328206702519638682e-01,-1.606669468782524035e+00,3.042424400585465705e+00
1.333040649433390179e-01,-2.197200465483854259e+01,3.189165332788977736e+00
1.343169402240311228e-01,2.824871169515510871e+00,3.186363069994566644e+00
1.343184179361961439e-01,-1.903040658379566707e-01,3.163492390573523938e+00
1.346049579180459699e-01,-8.808504980402602769e-01,3.146199648963423190e+00
1.351399551087767159e-01,3.282317838852002012e+00,3.147223094000179522e+00
1.355758110898480917e-01,-3.088291041239884294e+00,3.146783302561670048e+00
1.361329782930095489e-01,-1.533938598027283717e+00,3.134836304750304059e+00
1.363594047971669054e-01,7.907572661413261983e+00,3.169929954431649044e+00
1.364872796001885824e-01,-4.098918153134789577e-01,3.149783690642465217e+00
1.367746493991148227e-01,-5.638997270392771100e+00,3.167821470205873791e+00
1.370563288287154902e-01,-3.993219408632654677e+00,3.173759584870814443e+00
1.378567116450054586e-01,-4.377027325368771926e+00,3.182354354445799505e+00
1.392743964151764158e-01,-1.846727174747332612e+00,3.172881821256448909e+00
1.398714782001626022e-01,1.222608613884290207e+00,3.159147502894672943e+00
1.399913533603592830e-01,3.615416076231134923e+00,3.162338192218704158e+00
1.410166857792014006e-01,-1.481816929466617694e+00,3.150667905671814761e+00
1.410328469659613559e-01,1.620728702775231511e+00,3.140116600824252480e+00
1.410833146499387847e-01,-7.727161386764080930e+00,3.171534715796442416e+00
1.414360852793062617e-01,-4.831584444319105387e+00,3.182827571092515129e+00
1.430548112607305522e-01,3.802264680410718967e+00,3.187012956966286836e+00
1.432472901771507101e-01,-2.343111541724280045e+00,3.181349189078756634e+00
1.434085588180198378e-01,-1.101505034365082025e+01,3.233573863442570584e+00
1.438764287527772578e-01,2.186548387165704099e+00,3.226639919891067798e+00
1.442783047700240406e-01,4.040581824132374322e-01,3.208070303197134709e+00
1.444907276707235733e-01,5.395572184565857299e+00,3.222367701114577709e+00
1.447197101261998020e-01,2.635542194741375965e-01,3.203154626558471385e+00
1.447264247063790310e-01,1.604671660026998126e+00,3.192841833226009562e+00
1.456049470436980853e-01,-9.630361793536234671e+00,3.234107986817742475e+00
1.474420579556427746e-01,8.435782475412807457e-01,3.218881682745917239e+00
1.483284176185574732e-01,-2.422338630474385468e-02,3.198662326439328130e+00
1.483645210204881937e-01,2.898711619455681898e+00,3.196775844005468326e+00
1.486915806759879222e-01,-3.308407336817992928e+00,3.197473540835546579e+00
1.487592888607912056e-01,3.953963070050512840e+00,3.202172233563589376e+00
1.490122884352981236e-01,-1.768341780087098414e+00,3.193321428295216702e+00
1.502386268572132588e-01,1.692816303100624253e+00,3.184115875379912364e+00
1.504432600924737462e-01,3.354410881760308882e+00,3.185154259565158963e+00
1.510860384822446389e-01,-1.740637969033247856e+00,3.176399615380116614e+00
1.517535117725837546e-01,3.026926085445246883e+00,3.175499172428702277e+00
1.526688064254391741e-01,-2.539059650295691029e+00,3.171688157326109536e+00
1.533240006040557657e-01,1.842621307100596795e+00,3.163777045122385001e+00
1.533712994849978639e-01,-4.958583697839220150e+00,3.174397202830768983e+00
1.537377731435543293e-01,6.680698562125989781e+00,3.195022504944270647e+00
1.538561849429382344e-01,-4.796767016246974435e-01,3.179143289720179677e+00
1.541092160721404536e-01,-2.655492945434403396e+00,3.176098810974332221e+00
1.551236873674284866e-01,-2.411623516589497029e+00,3.171679878636846972e+00
1.552863074867992521e-01,1.986154378117486630e+00,3.164866513691333871e+00
1.553720782672137202e-01,3.498029835634788753e+00,3.166770304102439315e+00
1.558473523665923621e-01,-1.959572885100264727e+00,3.159911227858108962e+00
1.565271536699553712e-01,-3.987085045147903628e+00,3.164584526260875830e+00
1.566103743370999835e-01,1.699026320856097527e+01,3.242256878408629639e+00
1.566291512706598499e-01,-6.796514065666379167e-01,3.227940646722361251e+00
1.567393155718005138e-01,-3.753714356964405141e+00,3.230861611779261455e+00
1.567419942354260631e-01,5.054102111515639706e+00,3.240934763711506683e+00
1.573592629528680065e-01,1.336167769358648627e+01,3.296543241348182551e+00
1.577854149621487345e-01,6.011226023064473623e+00,3.311377573488708315e+00
1.586279751960340823e-01,1.716985621933559969e-01,3.294314100601233530e+00
1.589654911634769408e-01,3.088441469659539251e+00,3.293201275569116238e+00
1.589988613165605469e-01,5.236459383377503940e+00,3.303648899804644934e+00
1.594057382634123388e-01,-1.249693125507128855e+00,3.292665179086476712e+00
1.595829272037322666e-01,2.911231665312076444e+00,3.290636277417463784e+00
1.598020392164193337e-01,-1.520708505287039713e+00,3.281271580210424421e+00
1.598884029563491516e-01,-5.671259135847076749e+00,3.293850462082196451e+00
1.599484871147222598e-01,-4.166557302560072173e+00,3.298419607843860568e+00
1.601475533261295658e-01,1.983705976877651267e+00,3.291572141015912223e+00
1.605238706201189969e-01,8.975973810019013399e-01,3.279168126715321652e+00
1.618941973911430243e-01,4.802531814412802191e+00,3.287020516858091934e+00
1.627124457964821136e-01,-7.057635978203142813e+00,3.306357006403451315e+00
1.637619565378551911e-01,-1.130469907482837044e+00,3.295255541613039796e+00
1.645549870022365857e-01,-2.994210457962054761e+00,3.293727393980294238e+00
1.646875743218254029e-01,-1.575988800974510440e+00,3.285051946540871182e+00
1.647475490815974997e-01,1.835197009008879832e+00,3.277766243337192797e+00
1.652483883290674638e-01,5.086887302635929586e-01,3.263920855771823781e+00
1.655347275449388644e-01,1.991460075326290990e+00,3.257590205122840921e+00
1.655804921411542785e-01,3.886230039529735336e+00,3.260702283510994004e+00
1.656509156448034703e-01,5.089828510326348976e+00,3.269712757534715131e+00
1.657009727180456804e-01,2.460654213921600331e+00,3.265746784281709392e+00
1.658665494269424556e-01,-1.372307305819845169e+00,3.256510494142871082e+00
1.659626687140510481e-01,-9.068453606883721818e-01,3.245104352718334972e+00
1.679991494420913500e-01,4.994991100797243178e+00,3.253557911887797971e+00
1.683578935752459427e-01,3.465269949938264205e+00,3.254575758224579562e+00
1.691497773141368011e-01,-5.684277280545369848e+00,3.266201124360085917e+00
1.691634317155562284e-01,-1.608168468800123208e+00,3.258305730762180996e+00
1.692501466741761773e-01,-4.763559164308571070e+00,3.265439633290836419e+00
1.694390181772006121e-01,-5.583608883876035378e+00,3.276374393906804627e+00
1.696909617408267346e-01,3.615761937773175561e+00,3.277967762657350903e+00
1.706833489943298532e-01,1.163387178748784834e+00,3.268086544975535634e+00
1.710091131007890897e-01,-4.151347574205441759e+00,3.272194735809162758e+00
1.719314211719216445e-01,-3.518378554582149320e+00,3.273334475710889091e+00
1.723689151832888122e-01,5.216455742365724291e-01,3.260653881694878464e+00
1.733068717234253486e-01,7.524958789522884217e-01,3.249148569755692773e+00
1.740735997434829097e-01,1.073023429399491846e+01,3.283308778542172846e+00
1.749039947004544793e-01,4.076127493228497656e+00,3.286912499972565627e+00
1.752288956467809855e-01,-2.644147749791351032e+00,3.284004062188939699e+00
1.753157929519698066e-01,-7.429236745943299525e-01,3.272557754136712127e+00
1.753427241293803174e-01,-3.128962441484262058e-02,3.258022919474282464e+00
1.753914549939586676e-01,1.423465630564709983e+00,3.249832931577364636e+00
1.760797035525832888e-01,2.793670571929979474e+00,3.247805543312265009e+00
1.780319892560031370e-01,-2.972576889597320360e-01,3.234750021832828892e+00
1.780788685431122231e-01,2.950648232914083735e-01,3.221799866773174870e+00
1.781807595529167343e-01,-3.283380445833167016e+00,3.222069957032209775e+00
1.795530717006099675e-01,1.293639332124293162e+00,3.213648862600297917e+00
1.801089914421708515e-01,2.740533795964886110e+00,3.211591840571448309e+00
1.804949082759981505e-01,-1.387278024372978535e+00,3.203694378163662648e+00
1.822398495453850797e-01,-9.840985965879731623e-01,3.194127154967215443e+00
1.835266871699883784e-01,5.334935119548234184e+00,3.203315171982584975e+00
1.844197191439538308e-01,-1.470446438179446957e+01,3.252465382280926409e+00
1.845865905796811590e-01,-1.201016065702660285e+00,3.243735810721018797e+00
1.855274539613128160e-01,2.788445871288942612e-01,3.231172712315967921e+00
1.857266911863258152e-01,4.146321200202514490e+00,3.235034098340805464e+00
1.866386447409473792e-01,2.399495877387160192e+00,3.231523433546882540e+00
1.870017683550044829e-01,-6.929245144320574923e-01,3.220901680747238593e+00
1.873142577817360488e-01,2.885765876430212984e+00,3.219505281562584642e+00
1.874421149531664832e-01,1.568191891054972587e+00,3.212653358780395596e+00
1.875461102301614613e-01,-1.831859338887170452e+00,3.206947598367613672e+00
1.876114585009003022e-01,-9.517849188232716529e-01,3.197667093513521852e+00
1.882874599500640178e-01,2.204910980822617717e+00,3.193598420920525705e+00
1.885717682282850582e-01,3.310876482786163422e+00,3.194077106887324380e+00
1.886075070222695271e-01,-8.767333520377111000e+00,3.216732620763299355e+00
1.888870260909802923e-01,-2.086752115448565092e+00,3.212157800903725491e+00
1.889078159499331111e-01,3.425149008469148271e-01,3.200586660177689780e+00
1.890451970676614579e-01,1.835862823054412729e-01,3.188470192796676539e+00
1.894676753998525975e-01,-3.197867217195902612e+00,3.188507780894273669e+00
1.900176981048059821e-01,-2.686545162746554638e+00,3.186507929825956431e+00
1.909426807170202522e-01,6.870544147877062358e+00,3.201127121167428591e+00
1.922315450812252524e-01,2.111561060364493869e+00,3.196820535946863551e+00
1.930663725967211863e-01,-4.813238623018367690e+00,3.203184386683365581e+00
1.932276137156684614e-01,2.375401989836671390e+00,3.199938181205535859e+00
1.940405261365239498e-01,1.980221789829510470e+00,3.195173664051723428e+00
1.941357355996923828e-01,8.941021389641221617e-01,3.186220078350993301e+00
1.945539684787093715e-01,-8.084023150996468843e-01,3.177003730431414485e+00
1.955963839703582785e-01,2.720458042905796958e+00,3.175241005769153357e+00
1.958626667218168749e-01,-1.420804541549351541e+00,3.168493173214461223e+00
1.965574783973469131e-01,-5.698835162788228104e+00,3.178187970109380256e+00
1.970077189660227046e-01,4.502703957180479222e+00,3.183243374640186030e+00
1.971534417950213669e-01,-1.295452410151703759e+00,3.176065462227682268e+00
1.971652263716762721e-01,2.660446364949429210e-01,3.165042656069603666e+00
1.973649648500704346e-01,-3.756264095607779296e+00,3.167273680369747879e+00
1.978194408447623565e-01,7.038301604220603025e+00,3.181826416925577661e+00
1.978575465528576716e-01,-3.034744257526813982e+00,3.181275547414721405e+00
1.986856376540515612e-01,-2.195328392254886296e+00,3.177596640119348503e+00
1.989791157563399471e-01,1.179026355814883686e+00,3.170167010809666674e+00
1.992997974812589501e-01,-1.876102077244315325e+00,3.165374177722387827e+00
2.005148272103835227e-01,1.895196561906953292e+00,3.160687175450005881e+00
2.007121694359406960e-01,1.000491979716642277e+00,3.152745281348044770e+00
2.008997047464399777e-01,6.540294409865268221e-01,3.143592476071995101e+00
2.018364793829306447e-01,-4.090101107192186447e+00,3.147046887134477888e+00
2.024125239108749974e-01,-1.922166787060675119e+00,3.142592777679663829e+00
2.035723585202766084e-01,1.416560381336012142e+00,3.136339037113201389e+00
2.041766210723663377e-01,-2.939856633814919462e+00,3.135629714357611952e+00
2.073169253611154006e-01,-5.500180873475478904e+00,3.144135294066669140e+00
2.080076707596134056e-01,2.945635222849602997e-01,3.133921775171394142e+00
2.106518439700422740e-01,-2.520972184028256180e+00,3.131732669488740406e+00
2.114363638748200935e-01,1.553682299108764653e+00,3.126116831871729396e+00
2.116271022098664967e-01,2.885208591633116271e+00,3.125262547331876473e+00
2.118480984116870580e-01,3.619997973956628812e+00,3.127010729051398652e+00
2.119972202217740020e-01,3.616530905024649911e+00,3.128734391642853829e+00
2.121473204018013148e-01,-1.291487040991270874e+00,3.122287909710742770e+00
2.121976305262805451e-01,-3.889639905947735343e+00,3.124970958648634500e+00
2.141102952644810264e-01,-6.293549352615741554e+00,3.136011301484757041e+00
2.141207839555803738e-01,-2.458610708179826077e+00,3.133659216091336575e+00
2.142935078762827072e-01,-2.207233059691354526e+00,3.130453589252582436e+00
2.149054142046530058e-01,-7.226878277697586839e+00,3.144579191626530879e+00
2.155928259594656338e-01,6.649034071544566160e+00,3.156621991901162882e+00
2.158275704900300962e-01,5.130226911333899409e+00,3.163380912858124283e+00
2.168029711018046313e-01,-2.668577366068490164e+00,3.161692163551675705e+00
2.169639704246523471e-01,-2.292230163816462607e+00,3.158734809811079458e+00
2.171258607034714516e-01,1.106066489951811249e+01,3.185521013505001164e+00
2.173941827173070940e-01,-2.163011362925256975e+00,3.182066589009799884e+00
2.181539799573934957e-01,-3.347963915508877619e+00,3.182625165866698858e+00
2.183906457266032997e-01,5.081370637370241639e-03,3.171962267224989418e+00
2.184099142212972411e-01,2.412526147413636579e+00,3.169422347091841452e+00
2.187118479684485861e-01,-3.835967283666747107e+00,3.171644163547091111e+00
2.192730754294757445e-01,-6.385132200421697490e+00,3.182320203536707748e+00
2.195169624563459432e-01,-1.192963992581844934e+00,3.175732931315002894e+00
2.195476936510394883e-01,-8.527965693497883137e-01,3.168066474674853694e+00
2.200321172498248268e-01,-8.140999422317388934e+00,3.184424806739467151e+00
2.201938932033102037e-01,-3.774200389664599697e+00,3.186358497175287408e+00
2.204274585907815831e-01,-2.564342041663241645e+00,3.184325763660541764e+00
2.207123006599439330e-01,-8.134224474555207252e+00,3.200449212230231488e+00
2.210567656274120552e-01,4.812017927723317712e-01,3.191620486842381421e+00
2.218060841049265819e-01,7.017387633183876261e+00,3.204001610293324642e+00
2.233360531860992815e-01,1.556978923791422886e+00,3.198688633885253818e+00
2.246409928459748018e-01,6.493462820446495698e+00,3.209282763102492719e+00
2.248404765736376487e-01,5.085998145081020994e-01,3.200626728010843802e+00
2.252080612651509439e-01,1.019194536509296256e+00,3.193657296089113640e+00
2.261475739541280172e-01,-2.124908871636147722e+00,3.190253638686396886e+00
2.265643851884233118e-01,-4.365368408303780257e-01,3.181511680597965519e+00
2.270151769103010975e-01,4.997944972563374222e+00,3.187259887218109267e+00
2.270321031788500865e-01,-3.397460799626987438e+00,3.187922981579020654e+00
2.271258296203490235e-01,3.859485354923624101e+00,3.190034812941739073e+00
2.278888031572174067e-01,-2.003042113638095145e+00,3.186313832693138615e+00
2.281937710157214971e-01,4.920960856681098505e+00,3.191734604643101214e+00
2.285631099309897163e-01,-6.965796204301213379e-01,3.183961536156456162e+00
2.294110033561684858e-01,-2.262292225658931955e+00,3.181099209105221259e+00
2.294914919580053336e-01,-1.463165525236739484e+00,3.175780528969406546e+00
2.303660385018194146e-01,-2.273361094368716806e+00,3.172995283800885691e+00
2.303918073036101133e-01,1.404404204603075357e+00,3.167553465095661380e+00
2.315163102166070686e-01,-2.181769741814107988e+00,3.164529588643877567e+00
2.323504314087574962e-01,2.695215674770459202e+00,3.163094377898086673e+00
2.325947374176026428e-01,2.748772217109362259e+00,3.161831200578609113e+00
2.336700514876216828e-01,1.255618999193032437e+00,3.156037242519686092e+00
2.342072069517112942e-01,-3.454613457787974795e+00,3.156942018929590255e+00
2.349077543765618059e-01,-5.609225512237923539e+00,3.164350730389736910e+00
2.353369917598038819e-01,6.778776963937147571e-01,3.156861353781314605e+00
2.356221130203832170e-01,6.985111809997746946e+00,3.168357601397580048e+00
2.360387291622929040e-01,1.815778477106743338e+00,3.164307963300900806e+00
2.363173380698339321e-01,-2.572307322424940423e+00,3.162540797208733601e+00
2.373275414540808037e-01,-3.013072975976648138e+00,3.162095952502685936e+00
2.373333108658200463e-01,-1.272768188703572889e+00,3.156489638663519504e+00
2.374785825516520510e-01,-3.827907564578907795e+00,3.158476082231316706e+00
2.383163109862833084e-01,-5.007609617388524725e+00,3.163930753426471121e+00
2.400290773487033513e-01,-8.167345701297080041e+00,3.178646679743737824e+00
2.405217299298349487e-01,-3.235767794515055584e+00,3.178814190344239510e+00
2.408523696685282156e-01,1.618216458770085353e+00,3.174251039082327086e+00
2.412352859208937994e-01,5.633526372578671726e+00,3.181420938013803212e+00
2.416952227160526490e-01,-3.322843438604863309e+00,3.181832049934126161e+00
2.431727016048685075e-01,-1.763359012572806250e+00,3.177720533883802823e+00
2.435343327680101755e-01,-9.603313495541719647e+00,3.196291611807670296e+00
2.437182698956557869e-01,-5.327962042466118930e+00,3.202434754259135374e+00
2.438978301351529543e-01,6.901615519442714231e-01,3.195215578390414368e+00
2.442984898625440437e-01,-7.195945013003257174e+00,3.206678986512514040e+00
2.445595326300127326e-01,1.251279483332368159e-01,3.197874554974858619e+00
2.446990597650553489e-01,6.571134636179369437e+00,3.207484982556638275e+00
2.450517499955692513e-01,-1.613036286654192963e+00,3.202955298761461123e+00
2.462730143109283232e-01,6.009241819036240884e+00,3.210905118932211089e+00
2.466189861236845471e-01,-8.245086214796799595e-01,3.204163885888559715e+00
2.467279119494386885e-01,4.854414748072265695e+00,3.208812479866542056e+00
2.469240397895748340e-01,1.065540001216802324e+01,3.229729860575254019e+00
2.472856916266566729e-01,-2.117807097939596872e-01,3.221276221497435088e+00
2.477739757327401815e-01,-4.592624231893971398e-01,3.213561099155792800e+00
2.491066227293360635e-01,5.370091108337845753e+00,3.219568146535130015e+00
2.493718947574640465e-01,-3.325399698606492649e+00,3.219862123068661486e+00
2.493849960747606676e-01,-2.460634376656710032e+01,3.279104454491094778e+00
2.495543864232953601e-01,2.795822435533565908e-01,3.270818481532703270e+00
2.497942955762146866e-01,-4.775339272913072364e+00,3.274963166908406720e+00
2.499875716133813375e-01,-1.567399768800964210e+00,3.270272058671847670e+00
2.500513310916468446e-01,1.477538565374821644e+00,3.265360460060074743e+00
2.502279990890029504e-01,-6.427185753738626772e-01,3.258194771850550620e+00
2.507311606735963538e-01,2.892349896533303877e-01,3.250104963179713202e+00
2.520915851130184904e-01,-3.324225679288563384e+00,3.250306378169139254e+00
2.526132783736114162e-01,-1.859436576376214845e+00,3.246537083313332239e+00
2.536815028532231620e-01,2.602137595766130573e+00,3.244795463076717734e+00
2.541885372791202746e-01,2.608507289118239925e+00,3.243080400613217673e+00
2.550967432754385755e-01,2.131577444416773659e+00,3.240092489440646428e+00
2.558743868645142472e-01,-1.181932516456434712e+00,3.234574634285193095e+00
2.567554940827467824e-01,-4.826391876669035241e+00,3.238830830120444038e+00
2.569742887818208810e-01,-1.698099217322244670e+00,3.234722212486315307e+00
2.574770922569852294e-01,7.689946136712720204e+00,3.246571212284789620e+00
2.574883577840948456e-01,-2.538266493406911906e+00,3.244692419927023952e+00
2.584561407791585719e-01,-1.630740686281491492e+00,3.240422706345951198e+00
2.588938365251556850e-01,-2.421535839054449468e-01,3.232511706022889175e+00
2.595257408824385159e-01,1.405910056811184461e+01,3.261002729344175677e+00
2.605633132492463089e-01,1.753162320754604053e+01,3.298458426137356625e+00
2.611207754301045902e-01,1.986106377628992448e+00,3.295022949570580284e+00
2.639125402213161053e-01,-3.827318123925429916e+00,3.296412754203361217e+00
2.644563174348532053e-01,-3.304293440203956322e+00,3.296433276823153680e+00
2.647760396102895042e-01,5.140453375381227374e+00,3.301222939416811553e+00
2.650609155968507991e-01,-1.229010419911141128e+00,3.295854513200475733e+00
2.666997337969036486e-01,-7.052500551837503906e+00,3.305561608907548354e+00
2.667930799985834822e-01,1.752604012776302511e+00,3.301559140876281884e+00
2.670298037357847210e-01,5.634220927794146405e+00,3.307555700739824189e+00
2.695372669850334968e-01,-5.925308288394546707e+00,3.314267886862015899e+00
2.701958420347648770e-01,-6.338704933914957707e+00,3.322003019974682836e+00
2.703463929802045751e-01,-1.872172991771506645e+00,3.318304473984369007e+00
2.720434383756569763e-01,-1.088779054612345476e-01,3.310137994166243658e+00
2.723632499006620744e-01,4.020352184165588483e+00,3.311940568252536465e+00
2.730869417311835856e-01,-2.977076410596296796e+00,3.311092810891381522e+00
2.731281847198194779e-01,2.922714597268232239e-01,3.303469524651067246e+00
2.731628232899216413e-01,-5.104065125300721206e+00,3.308005029942375774e+00
2.733420712486066551e-01,-8.608195084726091295e-01,3.301856322601999238e+00
2.740117647978138615e-01,-1.502545161456311007e+00,3.297346770819679751e+00
2.747527960517638368e-01,-5.736792891662616967e+00,3.303445386121786509e+00
2.753521576591653197e-01,1.786004898513514405e+01,3.339746143226558051e+00
2.753779570048155434e-01,-1.026096958057760844e+01,3.356963116951312109e+00
2.758049202628543028e-01,-1.048203532013993211e+01,3.374643196859968608e+00
2.765515270582774576e-01,3.525914645243702239e+00,3.375017631138145902e+00
2.786190470411792353e-01,-8.417931481308720265e-01,3.368762755871461678e+00
2.792513252520371636e-01,-1.970838512664510489e+00,3.365319592710853236e+00
2.796176865465265227e-01,7.599915788343132306e-01,3.358918295379461849e+00
2.798267887774817941e-01,2.245279929375421091e+00,3.356188789580431653e+00
2.805002974690604112e-01,4.386194030982782266e+00,3.358707139803909669e+00
2.806407438246403263e-01,2.921683488695620667e+00,3.357641228459743221e+00
2.808963137778540675e-01,7.809879750342133775e+00,3.368473925593276963e+00
2.810477869295656683e-01,-1.334278423074805175e+01,3.392683416625205339e+00
2.812107516586331846e-01,1.070031204652093493e+01,3.410377432678222132e+00
2.814804124399508667e-01,-5.567114110082066247e+00,3.415586941560839751e+00
2.830611089149250303e-01,-2.101470073509414505e+00,3.412420394890836484e+00
2.839981640714144828e-01,-3.395944336614803660e+00,3.412380788981519419e+00
2.849907185506728724e-01,-1.953188543896047236e+00,3.408881527002896927e+00
2.851301861564223827e-01,-9.848224946132262403e-01,3.403082342714883080e+00
2.855982494336962718e-01,-4.087702553046323573e+00,3.404716281164361646e+00
2.867245736087775110e-01,2.580278699912078366e+00,3.402753334542333086e+00
2.871713179064275812e-01,-4.459681519414715467e-01,3.395730091828316421e+00
2.878921232032407573e-01,-2.002179406622210678e+01,3.435128347691808859e+00
2.879971621023045825e-01,5.116994974539181840e-01,3.428217168376824997e+00
2.884162277051530165e-01,4.037897953080452851e+00,3.429655094755843514e+00
2.884987444453302463e-01,1.321502277524722047e+00,3.424694735185887851e+00
2.898571739228419930e-01,-9.011004810549462007e+00,3.437808139118665895e+00
2.899857237246786235e-01,6.856662801497243720e+00,3.445814824510653462e+00
2.901877705936435348e-01,2.459925270458178659e+00,3.443511344244175820e+00
2.906790063205230146e-01,3.182012118444575322e+00,3.442901788939281005e+00
2.911177295634795326e-01,-1.347090058611989605e+00,3.438027808171078448e+00
2.916077112085222467e-01,-8.624089188704779474e+00,3.450060433183917308e+00
2.917290832247845245e-01,1.401298022822484057e+00,3.445317927604377495e+00
2.921261017125172943e-01,-1.401089032463495698e+00,3.440596844705668733e+00
2.925946598247896602e-01,4.314679413752827486e+00,3.442610859841721993e+00
2.936417785423635074e-01,-1.808106725936120540e+00,3.438853379074122696e+00
2.938526839769776133e-01,8.634676243669375140e+00,3.450770403992919455e+00
2.953568493105901416e-01,5.758719181174210888e+00,3.456051751309123787e+00
2.956469977686517203e-01,1.488218845908750865e+00,3.451558982118712038e+00
2.962490689986665426e-01,1.849811923521208712e+00,3.447910355561542239e+00
2.962604533705613941e-01,1.068455253159712015e+00,3.442502503056083629e+00
2.965035959741708638e-01,2.654993326717836055e-01,3.435298414234350339e+00
2.974475786909156483e-01,8.040119097069418075e+00,3.445716560575605936e+00
2.975108738482939441e-01,2.582235734748024925e+00,3.443767393925882825e+00
2.981273592297379871e-01,1.003463072163809144e+01,3.458611680700009128e+00
2.982930028956561896e-01,7.646264608303845023e+00,3.468022136717096249e+00
2.985466100106396459e-01,-3.097563513391044410e+00,3.467191512001118969e+00
2.995222413802883232e-01,-2.972285882390124812e+00,3.466084340570221745e+00
2.999865243941520210e-01,6.577951237215962976e+00,3.473030472035949057e+00
3.001753653775149355e-01,-1.145586677664510944e+00,3.467846855567415343e+00
3.006122540863958581e-01,-4.119175170724545865e+00,3.469294251823320074e+00
3.014147578867082400e-01,5.654197362777381386e+00,3.474138826348716957e+00
3.017844928961735951e-01,-4.254643964636208864e-01,3.467393971415343223e+00
3.023986450823260008e-01,2.057615918512425424e-01,3.460193899937276107e+00
3.024923036347458849e-01,4.840818757100560532e+00,3.463234923851733260e+00
3.029155945022766194e-01,3.611268413058262183e+00,3.463560272179659449e+00
3.038594024537389915e-01,-5.855319152220680223e+00,3.468805357442907855e+00
3.047041050450124966e-01,-3.688189143818505045e+00,3.469285409491869476e+00
3.053870062915228778e-01,7.136418159351453738e+00,3.477292249557064618e+00
3.056211983559817824e-01,1.009879579390585036e+00,3.471916622824676057e+00
3.065485200994211845e-01,-4.498062893031971043e-01,3.465346817751803865e+00
3.073753329228509634e-01,-1.331707730541307200e+00,3.460718533397767249e+00
3.094639521145142735e-01,2.533927814192459493e+00,3.458712492880007705e+00
3.096680059264743656e-01,4.148839176063692236e+00,3.460203047271332988e+00
3.109899392896343651e-01,-4.363102910245487465e+00,3.462148952148431658e+00
3.109977203464263651e-01,4.267967934170620481e+00,3.463881896195792010e+00
3.113280342408087376e-01,8.763452779290972217e-01,3.458329242508523915e+00
3.118150191376222180e-01,-2.027416512239845758e+00,3.455265189552916727e+00
3.123448156857657199e-01,-6.257319086394893759e+00,3.461252484204288216e+00
3.142448157388116892e-01,2.217516758021147893e+00,3.458600595662320032e+00
3.146983131898742347e-01,-6.773075873175720574e+00,3.465652670720859252e+00
3.154395615111634243e-01,3.948899949899285389e+00,3.466678673436736524e+00
3.157837113765471493e-01,-3.652942865043087295e-01,3.460107943803405472e+00
3.173360295478188098e-01,3.720720417887605436e+00,3.460658921549883971e+00
3.177922681768122204e-01,-2.955226026149773588e+00,3.459592607424566868e+00
3.183508987204073937e-01,-7.924038061697586954e-01,3.453977473106135676e+00
3.186675829490982492e-01,-8.336317244638241419e+00,3.464234489432883812e+00
3.218454539661141922e-01,1.863684806712921471e+00,3.460879039364288978e+00
3.222116422378798473e-01,2.344949376763811344e+01,3.502696224988292695e+00
3.223242918052533490e-01,-2.158830060951174801e+00,3.499890658883830774e+00
3.234427028507055324e-01,1.568948895862696702e+00,3.495867863544203757e+00
3.243832798966788111e-01,-3.479332936596719605e+00,3.495833487396704076e+00
3.247131957717014905e-01,-6.189883038554729211e+00,3.501422801818193431e+00
3.254418255495975520e-01,5.310940113366214632e+00,3.505169214471502315e+00
3.258377741825376761e-01,1.775951171082034818e+00,3.501596449919044840e+00
3.262309599113618064e-01,6.100741834929188201e+00,3.506955512568549871e+00
3.266309481683992155e-01,5.336294297568720424e+00,3.510719584142624417e+00
3.276939548408054903e-01,-1.582271548919869986e+00,3.506759731914240952e+00
3.277762238246305082e-01,5.954913653112573257e+00,3.511776440769155627e+00
3.292553627342248435e-01,-1.176504366640995158e+01,3.528654287856355598e+00
3.295698112582644002e-01,2.856652100313272769e+00,3.527282854820553482e+00
3.308094971128245909e-01,1.003872623127030295e+00,3.522143526446432471e+00
3.308385968548590572e-01,-4.978006721814267621e-01,3.515996488124755626e+00
3.310139189047595076e-01,-2.078069926523248512e+00,3.513079801387227086e+00
3.328898711919704989e-01,2.434466211198881069e+00,3.510896373067007747e+00
3.331916241670399570e-01,2.458800397591261344e+00,3.508770926651905597e+00
3.334377259953627548e-01,4.507523689027447489e+00,3.510784541092177857e+00
3.347507269737860502e-01,1.491130341862739073e+01,3.533723210865890696e+00
3.360176657417898727e-01,-1.491560650257397924e+00,3.529622482832539987e+00
3.371063848474165070e-01,3.086803131408657919e+00,3.528735069302632699e+00
3.374050955404489516e-01,-6.491064809930577439e+00,3.534659728783888788e+00
3.375254895673448496e-01,3.571405498281887247e+00,3.534733073633186340e+00
3.379034086094986344e-01,-1.201733159665405282e+01,3.551630680252749528e+00
3.387407393095524522e-01,-1.024352416197125493e+01,3.564934643437080553e+00
3.414748191984260939e-01,9.295721554214608773e+00,3.576305252387036226e+00
3.424015810233985158e-01,-1.413627983728122928e+01,3.597216093149202543e+00
3.433904215975945307e-01,8.134461354930557775e+00,3.606182981018336342e+00
3.439203600908953828e-01,9.335536989198303104e-01,3.600911522868240233e+00
3.443657031797985324e-01,-4.306109247125590400e+00,3.602299707364809755e+00
3.450074793652120886e-01,-8.769988060271884933e-01,3.596945481625443364e+00
3.463448361973179290e-01,1.439740805518304967e+00,3.592715668535036766e+00
3.471186814890596661e-01,-1.016484395952588216e+00,3.587674120056401961e+00
3.473252168441438026e-01,-3.692519438299292744e+00,3.587878896068595669e+00
3.480284287876805882e-01,-5.738675118830279587e+00,3.592071481298150015e+00
3.491458194433700868e-01,-2.152207159369829981e-01,3.585501732727408797e+00
3.501562183085117352e-01,2.379487044727696343e+00,3.583159956634205390e+00
3.506823796211010480e-01,-1.991896430835204512e+00,3.580076112591959347e+00
3.508647543588839790e-01,-3.549967072922413536e+00,3.580017874604203953e+00
3.516174691400018593e-01,4.665231785122397667e+00,3.582112882153466682e+00
3.516813248838585593e-01,1.341735349953452783e+00,3.577796162438244831e+00
3.520673569622675414e-01,-4.928107351402353231e+00,3.580392914724714881e+00
3.529368331409704629e-01,5.791247065725357857e-01,3.574632323154364855e+00
3.542967368180618415e-01,9.933836702068276736e+00,3.586814707022015991e+00
3.559948735634450578e-01,3.212613274585368828e+00,3.586099216711430060e+00
3.565438457218343959e-01,1.424270640843189994e+00,3.581973589658246304e+00
3.566220693368497563e-01,-7.777399442210754188e+00,3.589964876996441401e+00
3.566247121113818030e-01,-5.059444999856737013e+00,3.592758565442943919e+00
3.587019922068044875e-01,4.862706637697357337e+00,3.595168334080997674e+00
3.590674830648443172e-01,-4.473962002133305305e+00,3.596832716028066645e+00
3.609397121189383273e-01,3.295418468517667065e+00,3.596262934841846448e+00
3.612484373534766702e-01,9.077621740108305914e-01,3.591190291896882325e+00
3.625440113296284905e-01,8.627330105134376481e+00,3.600674547665690728e+00
3.628784944663272505e-01,-1.888851165499612961e+00,3.597456834541318482e+00
3.637424894819325516e-01,1.447928100295214904e+00,3.593423947610275171e+00
3.642419736494438842e-01,-9.447154958425961979e+00,3.604385990701690634e+00
3.642852430029425714e-01,5.258492810604892043e+00,3.607477779150107366e+00
3.643277525960303964e-01,-2.760464914615234022e+00,3.605897531268513312e+00
3.643408170741787022e-01,8.525880916938888276e-02,3.599341407018794126e+00
3.644355912520856888e-01,7.098893116031987915e-01,3.593970678216906300e+00
3.652269648409688929e-01,1.540066144690193539e+00,3.590160094666763779e+00
3.653194929712764716e-01,5.077177716265293128e+00,3.592913831003057279e+00
3.662052037003098448e-01,2.323315014823485569e+00,3.590567067941727419e+00
3.666040500686888470e-01,4.975490637957378226e-01,3.584860392657325256e+00
3.666224384855830687e-01,-4.238663257064231971e+00,3.586064449497853523e+00
3.667935703078477605e-01,-9.210711018289750029e-01,3.581165564667579737e+00
3.677337610820310410e-01,-3.851093222910506597e-01,3.575301241287072163e+00
3.701030663364219819e-01,2.132168520575894632e+01,3.607803776020537256e+00
3.726454030767181735e-01,-5.817379901428274991e+00,3.611843220491118167e+00
3.753780327529904204e-01,-3.698423301736376345e+00,3.612001213340105821e+00
3.761222452935798488e-01,3.744345100747626276e+00,3.612242276887296377e+00
3.775756565869380355e-01,2.841575717932514067e-01,3.606191213787125260e+00
3.785745274147059303e-01,1.014771293324671930e+01,3.618063304022079318e+00
3.789501652390086517e-01,5.240499369801980833e+00,3.621002499793419815e+00
3.794802844762020788e-01,-6.921905019512120560e+00,3.626971582107558323e+00
3.796911242608137504e-01,3.296299223901684172e+00,3.626374700594551026e+00
3.804261836865409085e-01,-1.721749800045156675e+01,3.650863211044744094e+00
3.821862092585400772e-01,4.876620797390529560e-02,3.644384619312602602e+00
3.829564411260593104e-01,-3.199748868002227908e+00,3.643586350459262491e+00
3.832556088398895722e-01,7.662395365379950363e-01,3.638429814950443042e+00
3.845920504466533441e-01,2.739033310278365718e+00,3.636820876659437207e+00
3.855366370780438645e-01,-1.023804991797920394e+00,3.632154776865041956e+00
3.864336987259698875e-01,-4.064923755232420888e+00,3.632926201068905403e+00
3.872278355427665186e-01,-4.221489935965262674e+00,3.633973467501105059e+00
3.874564119853270983e-01,1.843620261933445192e+00,3.630793444045390395e+00
3.889746037284104174e-01,3.511472088515439793e+00,3.630581881358280416e+00
3.893253380115699325e-01,-4.619779542850864118e+00,3.632332673679506296e+00
3.904742281811028892e-01,4.772645842838095120e+00,3.634347361257524778e+00
3.907407458694171498e-01,8.736825592953351816e+00,3.643346441031238392e+00
3.921590288654240863e-01,-6.746026256471303384e+00,3.648808905495041444e+00
3.925441420916840896e-01,-6.902790234231027000e+00,3.654527677601782987e+00
3.929607657125501752e-01,3.112635059185276276e+00,3.653576988797543557e+00
3.936119331115502940e-01,2.712304102921955007e+00,3.651928524899338058e+00
3.946951238645781679e-01,-4.289889565270094351e+00,3.653043841403482261e+00
3.962751036867214749e-01,-5.311640053157486108e+00,3.655938424670068798e+00
3.967739334159280928e-01,-4.445634823196133567e+00,3.657314202367849099e+00
3.977028825084238939e-01,8.964874972354760274e+00,3.666544742837391624e+00
3.980629662081768272e-01,2.330908058907450453e+01,3.700646367570442408e+00
3.984494296178676676e-01,-6.654324648609712511e+00,3.705765394054046258e+00
3.988393928442974801e-01,2.486753937856292396e+00,3.703656377693842927e+00
3.995120694856301169e-01,1.154438428798471250e+00,3.699253583308876436e+00
3.998582179883648502e-01,6.996795074168566941e-01,3.694081903867682648e+00
4.001390980364466499e-01,-2.136163795650893604e+01,3.724490778312848693e+00
4.001668992481631770e-01,1.117029314695928122e+01,3.737284253173065451e+00
4.009151981526161701e-01,4.613458593373358951e+00,3.738787125111660892e+00
4.020366628714997503e-01,-6.200243952113304147e+00,3.743001948445566995e+00
4.020975113450133698e-01,1.068137596254199195e+01,3.754862416845731854e+00
4.044050680987859581e-01,-1.206634483988846540e+00,3.750513905014917881e+00
4.051997594009811854e-01,3.176174598028786988e+00,3.749535473486833137e+00
4.052232289070837323e-01,1.230793660171219273e+00,3.745251898974391480e+00
4.053889540736856922e-01,-2.506471715787888854e+00,3.743148706812783555e+00
4.056683623690358620e-01,-1.254747031066976604e+00,3.738931076853893032e+00
4.073135546520837980e-01,-1.020505565039890428e+00,3.734331372096169943e+00
4.087633777800436796e-01,-6.684318069626741021e+00,3.739314457733890595e+00
4.093570668732975371e-01,3.989978769607652964e+00,3.739737163150203880e+00
4.100987076668721198e-01,6.084022863034377337e-02,3.733543733967510381e+00
4.103140455773700568e-01,-2.188247398442035418e+00,3.730946597269148235e+00
4.119975438129398482e-01,-2.291320273583909994e+00,3.728531116860280381e+00
4.143280124878854775e-01,-6.853887037556045669e+00,3.733766218904997825e+00
4.150928130777841174e-01,3.209262942059112333e-01,3.728059128729914740e+00
4.160421708444556610e-01,7.653607657627027550e+00,3.734612632117055409e+00
4.162112375821765409e-01,-5.322030105296278180e-01,3.729275282747743336e+00
4.168724264264992430e-01,5.494131176968835462e+00,3.732211815017661749e+00
4.176344672240964728e-01,2.978206094449841856e+00,3.730959313820705336e+00
4.180702444665628237e-01,-5.426155814010115819e+00,3.733770584965297790e+00
4.189822543125066856e-01,3.062069557479745185e-01,3.728095810744739946e+00
4.207532820458713130e-01,-4.294396606174473163e-01,3.722643486529653156e+00
4.209876108921274951e-01,-2.150300436966645634e-01,3.716855345534879174e+00
4.212810510749840920e-01,-6.451787241735143397e+00,3.721360999400118885e+00
4.215166851928559555e-01,2.001645171663930967e+00,3.718532519420289617e+00
4.234072680498795482e-01,4.624326720331158214e+00,3.720019866219814286e+00
4.236099116590054114e-01,1.133202417959572017e+01,3.732498561815513316e+00
4.250749108537558163e-01,1.146291555359777448e+00,3.728265817124095882e+00
4.282402698144410769e-01,3.105378675428120516e+00,3.727248027676880238e+00
4.296273138298364880e-01,-3.760341210623487029e+00,3.727302013293432914e+00
4.301120130430816646e-01,-3.156078749717380560e+00,3.726371682245263717e+00
4.302222350449070865e-01,5.782026788009339668e+00,3.729714210872521196e+00
4.312494901769887146e-01,1.764123732470523009e+00,3.726523317238751964e+00
4.314484545833446316e-01,4.048233950422783778e-01,3.721139686894835652e+00
4.320119009588013204e-01,-5.441112330258015106e+00,3.723922814149468685e+00
4.321699267797162736e-01,-3.962856197302251360e-01,3.718546986694833745e+00
4.348056084164949597e-01,2.929778054515246311e+00,3.717274778739704466e+00
4.388142632747247807e-01,-1.601955092243763090e+00,3.713868466845186234e+00
4.390651255508880024e-01,-6.255229581073344036e+00,3.717954256417900893e+00
4.391878328660452913e-01,4.736650271715205918e-01,3.712746729565178150e+00
4.409810450300121198e-01,6.614229252963959027e+00,3.717396541301393409e+00
4.411916323258781025e-01,6.661354236565692588e+00,3.722106873613816536e+00
4.411977002758590838e-01,2.104904147662800540e+00,3.719523482677792092e+00
4.412368090913517671e-01,6.515212004834651793e-01,3.714630337092155621e+00
4.417231002558647535e-01,6.045561652251620899e-01,3.709677989684724064e+00
4.443457580368211923e-01,2.063599089891393845e+00,3.707061012101586783e+00
4.451317802297510839e-01,-1.823472630676051409e+01,3.730120798283584893e+00
4.495583021544549140e-01,-2.890849767167296136e-01,3.724667492702654847e+00
4.496130900557012144e-01,-3.115753113033790100e+00,3.723704020582925711e+00
4.498356465950991145e-01,-7.344127651867005113e+00,3.729423489194748864e+00
4.534201078051580680e-01,-2.350453784678528280e+00,3.727248458115070662e+00
4.539498575387473922e-01,5.789704044590610721e+00,3.730496419668575481e+00
4.545330892392204225e-01,4.382514138917386504e+00,3.731521604761734334e+00
4.547344567213252309e-01,1.990390347858631515e+01,3.756909959351725004e+00
4.572191908377005731e-01,-1.110812684780248816e+01,3.768432242875943139e+00
4.580913085533189211e-01,-2.743292900555047709e+00,3.766827955955252882e+00
4.586579055414118367e-01,-2.955939585923026414e-01,3.761404152834373349e+00
4.597374416377977835e-01,3.510782475725982010e+00,3.761013167378666200e+00
4.598669326434567384e-01,1.446140653332676607e+00,3.757407446951803287e+00
4.600232935529851019e-01,1.915005131897157042e+00,3.754542124533366554e+00
4.609690447496088694e-01,-2.300891993658620294e+00,3.752284903833250862e+00
4.612830693187706110e-01,8.842664725774692869e+00,3.760176965572695096e+00
4.617164337701573085e-01,-1.037037876533819514e+01,3.770409476098647517e+00
4.662279669405652305e-01,1.878098757408466213e-01,3.764872227875529109e+00
4.683456252668846131e-01,-7.394318667327652861e-01,3.760203338429320752e+00
4.693462606739486342e-01,2.725925008701501895e+00,3.758609689230972606e+00
4.728167619879901085e-01,7.977796963733268854e+00,3.765100746576361068e+00
4.742671977682239581e-01,-2.043316528961682366e+00,3.762455916748995488e+00
4.749106643524690918e-01,2.295774102839452269e+00,3.760206404764471877e+00
4.782574447584404531e-01,1.526411965817239036e+00,3.756785586328105442e+00
4.844372496991075083e-01,1.307674969882370419e+00,3.753040768871766630e+00
4.844374747930226266e-01,-4.214933760739349111e+00,3.753745949012022631e+00
4.853210042530897717e-01,-6.642611682660525929e+00,3.758149707752340252e+00
4.878874574360866911e-01,-2.992784498335822718e+00,3.756984768316394607e+00
4.890188997487420752e-01,4.863672682260720137e+00,3.758666664842145622e+00
4.900837235014475768e-01,-2.760713562771297092e+00,3.757152320225952913e+00
4.925114452995744685e-01,2.996484533980790843e+00,3.755999793277096988e+00
4.958115762442453223e-01,-1.855597876758803721e+00,3.753124752556191712e+00
4.994616259956944360e-01,3.618478711891128796e-01,3.748001977810924146e+00
5.003161332471871559e-01,-2.317250878059439856e+00,3.745843982185356413e+00
5.009722390773673206e-01,2.607254001428913170e+00,3.744129238238433910e+00
5.030138560251460333e-01,-1.992035867495605572e+00,3.741494511365136777e+00
5.052485588006702111e-01,5.949308427632715279e+00,3.744809547275448569e+00
5.118775458511961585e-01,9.872627237306943471e-01,3.740675294166685205e+00
5.119147944072104384e-01,1.028317860453149990e+00,3.736614878846754806e+00
5.140261945194681825e-01,1.575319303742290344e+00,3.733384242710574785e+00
5.147122503159941020e-01,2.009221439868447590e+00,3.730810865392899522e+00
5.151055303961686871e-01,2.681406025675574512e+00,3.729246923753976706e+00
5.152885933016625453e-01,1.190665616445265584e+00,3.725469272999053505e+00
5.163918323262055576e-01,3.959586313376394884e+00,3.725817143787132579e+00
5.168982410747225975e-01,-3.359951173008042247e-01,3.720787734252286150e+00
5.169569679075467494e-01,-1.880400734941981256e+01,3.743133244793275249e+00
5.187520423057538910e-01,2.513306724156812777e+00,3.741313974792333852e+00
5.192282815370038440e-01,-5.779893474285323407e+00,3.744325170507980971e+00
5.201810652915282995e-01,-1.169715480646118522e+00,3.740527811083405929e+00
5.236594853802746252e-01,1.554615541029137660e+01,3.757914596943800589e+00
5.238303876203905807e-01,-8.182365951963383566e+00,3.764421143054123231e+00
5.257832707880256695e-01,-2.631720547547104161e+00,3.762757852899193622e+00
5.279102971823055324e-01,4.405617105361230301e-01,3.757886597558485420e+00
5.281745533927642011e-01,6.612885705365567190e+00,3.762066684099930836e+00
5.288984501196932753e-01,-6.014055039676044601e+00,3.765359064736737871e+00
5.291624846454062725e-01,-2.309297490984114631e+00,3.763233427402792763e+00
5.337390567997377655e-01,1.179589814684511850e-01,3.757919616257115347e+00
5.346454716294434251e-01,2.215428125387269631e+00,3.755674359356286462e+00
5.359706985685110947e-01,7.010496966632686622e-01,3.751234497927953271e+00
5.364943454172805826e-01,-2.141217256715258088e+00,3.748897753020532519e+00
5.408988062903643534e-01,2.842570664380311030e+00,3.747584235500764027e+00
5.429238874545817550e-01,4.530676335065905391e+00,3.748717509161495709e+00
5.448835617532852282e-01,-1.110623204786811868e+00,3.744905234155174067e+00
5.463798634735756998e-01,1.852545400943988341e+00,3.742174556185172030e+00
5.488398372688811921e-01,5.399270942392959682e-01,3.737560366758736929e+00
5.512021704505816189e-01,-8.962205172878316972e+00,3.745077841299916610e+00
5.530737938012695309e-01,2.017125609766775796e+00,3.742595151312081203e+00
5.543690539279507723e-01,-1.262597263299475614e+01,3.755340312691827442e+00
5.548061678905338301e-01,1.372438749362181909e+00,3.751926413603962729e+00
5.549219826915069431e-01,2.247039985458098243e+00,3.749773500258974490e+00
5.555782742951719255e-01,-4.236000858158391225e+00,3.750468110770260655e+00
5.556073844773655734e-01,-1.284323628314481880e+00,3.746950072992149217e+00
5.642478068374150446e-01,-1.553339755596358174e+00,3.743825271970218083e+00
5.653600868047328198e-01,-9.912224045917241710e-01,3.739909762912780877e+00
5.700450139964380325e-01,-6.474327823129755188e-01,3.735517039928973659e+00
5.703896082803143752e-01,3.857810277929816323e+01,3.784939147360703249e+00
5.712824644657813478e-01,-1.287547664282260484e+01,3.797815262793369229e+00
5.722358550488431117e-01,6.985177403817907305e+00,3.802323554364831715e+00
5.760079154675674662e-01,-2.352824704385962917e+01,3.830185028220050469e+00
5.762358515611751830e-01,-3.254573757976686466e-01,3.825241829838636587e+00
5.767495040507689685e-01,-9.326030210960212230e-01,3.821167690671394279e+00
5.768589997518953627e-01,-7.858160108536829114e+00,3.826845598432104811e+00
5.795157606397813854e-01,5.436288927111966984e+00,3.829106052545419026e+00
5.796122487377968202e-01,-1.001547621449400793e+00,3.825140332445704949e+00
5.799779400978293253e-01,1.483420989188731198e+01,3.840559197374895373e+00
5.817964883092850981e-01,3.295539085079994379e+00,3.839796931483573594e+00
5.824706711904810152e-01,3.204367787804514478e+00,3.838909460612513147e+00
5.845153427465966667e-01,3.029316144790001886e+00,3.837780320702022241e+00
5.869464689225522003e-01,2.189576051225230913e+00,3.835484771580188301e+00
5.873391926032487387e-01,-3.804723153230344934e+00,3.835441987688185339e+00
5.930611378357992791e-01,7.710050928688719551e+00,3.840823388995130649e+00
5.934343188844682926e-01,8.743761142019906174e+00,3.847623580053416870e+00
5.935537211202043251e-01,6.716563258802281666e-01,3.843224733440989027e+00
5.963029667439263548e-01,-5.630744488881624932e+00,3.845697098247960799e+00
5.983807790943150851e-01,3.196727078945535538e+00,3.844800730817985013e+00
6.008547664897394558e-01,5.373224773421821254e+00,3.846908901911231471e+00
6.029829341118347896e-01,5.812361020450850901e+00,3.849616136234289332e+00
6.085070886561643189e-01,-3.982321782517544762e+00,3.849798674949946875e+00
6.101538537314936672e-01,2.547950761364923267e+00,3.848010422321396007e+00
6.165298558311441690e-01,-3.924473604270929172e+00,3.848115310088130681e+00
6.169628584793536152e-01,-1.852523464810833076e+00,3.845381622628846419e+00
6.211779860952266752e-01,-2.613787421866696548e+00,3.843696815240663422e+00
6.218778916245171207e-01,-5.287160502810756668e+00,3.845668760169037803e+00
6.272002007111784350e-01,3.922072934380480547e+01,3.893929415808377037e+00
6.280119941539475947e-01,4.614214963625034471e+00,3.894910731268617088e+00
6.284404437714732339e-01,3.796102707237793084e+00,3.894776298582861340e+00
6.313961503342211401e-01,6.932000210908142890e+00,3.898902961507216602e+00
6.378623323721923644e-01,8.821172709667145284e+00,3.905581753567135106e+00
6.440898920843984854e-01,5.936857107368588515e+00,3.908334159195592239e+00
6.483620437138057913e-01,9.113308156401181748e+00,3.915377425768265418e+00
6.532442487286680421e-01,1.093361674190985156e+01,3.924861532952240051e+00
6.540664971298218999e-01,9.136973188709021088e-01,3.920797883540525497e+00
6.594947725745894385e-01,8.373342358191948165e+00,3.926798617333855823e+00
6.603563722533192237e-01,9.905185071192377677e+00,3.934844897890865667e+00
6.624421371966833227e-01,2.538427185109206619e+00,3.932967992362933263e+00
6.639230088403873520e-01,4.179242191076163238e+00,3.933298561757179623e+00
6.645925638967978832e-01,-7.091496672936017376e-01,3.928976646349051638e+00
6.648653530015284918e-01,-2.532081395047214301e-01,3.924055938843236113e+00
6.672587311881931216e-01,4.124884976066212516e+00,3.924324426860913650e+00
6.676768885705633982e-01,5.986586065726470451e+00,3.927077780183831468e+00
6.680841030497788324e-01,-8.704214092957961668e+00,3.933447295267530119e+00
6.695098031942139372e-01,2.544155562797108416e+01,3.962086587321729247e+00
6.739677606676841570e-01,3.213917596497815055e+00,3.961091681748824644e+00
6.787090117877878637e-01,3.270154818740053315e+00,3.960174102913487815e+00
6.787999689786248236e-01,-4.740166380405252511e+00,3.961208575430055223e+00
6.791539316833354878e-01,-5.901048888187901298e+00,3.963777900347615013e+00
6.839043858679634269e-01,-3.781280994966436992e+00,3.963536502324624067e+00
6.874192024508625209e-01,-3.179445959608102612e-01,3.958720660968793936e+00
6.881772455300219082e-01,2.093748252615050376e+00,3.956260275205794041e+00
6.901800388885337423e-01,7.000190044481051643e+00,3.960270722859648096e+00
6.903110808783388119e-01,5.868135549757344194e+00,3.962781071316092252e+00
6.904200085517019359e-01,-7.390817689461179896e+00,3.967285718646112347e+00
6.959533357857723423e-01,-1.060069402546432116e+01,3.975990978891280392e+00
6.975892345704822750e-01,-5.730524358110969274e+00,3.978290498392223817e+00
6.981302011283440079e-01,-9.331745836675359840e+00,3.985297638887358662e+00
6.986505035523309370e-01,1.374314785140938966e+01,3.998052998642289690e+00
6.986688484137724142e-01,-4.408444202435156001e+00,3.998588757393977566e+00
7.015066323540124493e-01,8.223323444787666858e-01,3.994447614743501518e+00
7.087497909440252375e-01,-2.045071522932005337e+00,3.991909364623955181e+00
7.087779364176965968e-01,3.228527764149180967e+00,3.990916670735170868e+00
7.096609694181166272e-01,-9.248552675010309088e+00,3.997744769442021617e+00
7.118399420087790919e-01,1.290809620885387687e+01,4.009301645498327460e+00
7.134793674151949094e-01,1.470566632298323384e+01,4.023157040158281461e+00
7.139546344095462072e-01,4.745881554401996993e+00,4.024092000720046691e+00
7.144582746600059986e-01,-3.902633059884763611e+00,4.023935077023876872e+00
7.153918065710137553e-01,5.229150441924002024e+00,4.025490193623748603e+00
7.179374876529288629e-01,-1.139193454031918407e+00,4.021770739062418443e+00
7.199585454173603738e-01,1.074342188789446340e+01,4.030421512741738432e+00
7.252919452415743651e-01,2.111034847264071601e+01,4.052375146366287595e+00
7.293236789922593610e-01,-4.623748193880899748e+00,4.053108616260401753e+00
7.301546884507087443e-01,4.651163706925181884e+00,4.053875353556125383e+00
7.307747406952411762e-01,-2.472557580544467726e+00,4.051850618891577938e+00
7.391740515320469607e-01,6.748949296201864456e+00,4.055299594182256051e+00
7.499795500785658708e-01,-1.151320447495596255e+00,4.051590808554303536e+00
7.509283478924724253e-01,1.541001648250406930e+01,4.066078596403729151e+00
7.532952142463020806e-01,2.709252745232838322e+00,4.064350155828989841e+00
7.564387937493587399e-01,-2.309283188739186699e+00,4.062117246201649046e+00
7.589808365281053293e-01,1.858439268670167621e+00,4.059317147119652525e+00
7.606609705402495036e-01,1.117139977408420748e+00,4.055583419746922935e+00
7.611150968846853715e-01,1.923182280779592190e+01,4.074818197171572898e+00
7.664582792737788530e-01,2.963239567732756541e+00,4.073411135615320866e+00
7.665492488622251965e-01,-7.459829336670999567e+00,4.077692321710207679e+00
7.666919464697200537e-01,5.830740921643140950e+00,4.079905766912143683e+00
7.678104426948990646e-01,1.363839380724328976e+01,4.091959345777630652e+00
7.707152998390468523e-01,9.438029272419228732e+00,4.098692431327557451e+00
7.737077992906287172e-01,2.003716429890403106e-01,4.093788883166125103e+00
7.775538321875130610e-01,2.877383726667410713e-01,4.089007412675547570e+00
7.820606887476662106e-01,6.361650343658311613e+00,4.091858909452188442e+00
7.823800519473083082e-01,2.159322296992321810e+00,4.089437184373918122e+00
7.868768301408288757e-01,3.049528997614071812e+00,4.088135672250314379e+00
7.915002747193849997e-01,1.023245889952131549e+01,4.095816076284402030e+00
7.915979552950787035e-01,-5.485640417833401727e+00,4.097551187821916407e+00
7.930620239929291326e-01,1.363550365789047447e+01,4.109443896637463567e+00
7.996468223122871199e-01,1.641494083917531555e+01,4.124768301298158413e+00
8.037904161967214245e-01,-4.694683032624073604e+00,4.125477150466474008e+00
8.048248736108665202e-01,-8.188165891158611487e+00,4.130523968777892740e+00
8.063403041389503034e-01,-8.516007060017351193e+00,4.135965014796799899e+00
8.125017838471471077e-01,2.100172147041078574e+00,4.133442347054847588e+00
8.143308085143112773e-01,8.594725880450425848e+00,4.138963737566475842e+00
8.231353389450681846e-01,2.071545492224107221e+01,4.159453837918360541e+00
8.260269089074876447e-01,4.129956246918936813e+00,4.159417421139348647e+00
8.316629671457127504e-01,1.294357531151981533e+01,4.170248688575083129e+00
8.323684453994987242e-01,-2.176758084885364042e+00,4.167793650885809775e+00
8.343659858917620298e-01,2.409679477612279186e+00,4.165631148827663388e+00
8.473990358589716942e-01,3.737466460003290081e+00,4.165105147981440936e+00
8.480259281878532729e-01,3.821043369716292659e-02,4.160041473485387442e+00
8.488940865807939051e-01,1.584614582532332605e+01,4.174362679798914399e+00
8.541079969580106512e-01,3.511770863554877309e+01,4.212237032253931979e+00
8.666153105877949514e-01,9.557972448461764969e+00,4.218772161124601183e+00
8.742086603314982440e-01,1.815789411931281450e+01,4.235791846055234622e+00
8.765229714457316579e-01,4.937816652171449050e+00,4.236647973867571970e+00
8.769680129474149988e-01,1.985138181946507530e+01,4.255667138113123471e+00
8.773514402133608669e-01,1.096701960833740941e+00,4.251824114783098629e+00
8.840555042024316190e-01,-1.423879556538878433e+00,4.248387973157043085e+00
8.868490794082684037e-01,-2.193233534596977563e+00,4.245893853692770392e+00
8.924753909730942514e-01,-4.308661567709165752e+00,4.245969935770366632e+00
8.996318363098814164e-01,6.956603745601817934e+00,4.249251574765319894e+00
9.023712343938985470e-01,-1.136020596391670523e+00,4.245487087487963329e+00
9.049529851543860470e-01,1.325306490825341754e+01,4.256365804662801011e+00
9.125214773843014493e-01,6.010760679648392113e+00,4.258482083160973986e+00
9.134257849313497379e-01,-1.001908205206773061e+01,4.265422565051223636e+00
9.146251271601872901e-01,7.375646801307880196e+00,4.269165313831314812e+00
9.170859260322856699e-01,7.628459404909790464e+00,4.273202926921554123e+00
9.333147287642935552e-01,1.785196058957190957e+01,4.289503956528577078e+00
9.337739356129842738e-01,7.384451038682662727e+00,4.293214924252982456e+00
9.405792146478855198e-01,-3.395291201994673713e+00,4.292139566501774972e+00
9.432399369644726139e-01,2.145753225844185863e+01,4.312672332879693649e+00
9.437996922470641703e-01,4.295605226429461965e+00,4.312651942071509481e+00
9.441999136850766083e-01,-2.489918920322892859e+00,4.310476843000210501e+00
9.548620084798692398e-01,4.844416736399615786e+00,4.311113243349912416e+00
9.601885399273205612e-01,2.004986466916176369e+01,4.329849852190164050e+00
9.708968466164742406e-01,2.655439937120728189e+01,4.356276189311468983e+00
9.737716706405146194e-01,-2.672053667773660379e+00,4.354275925034108319e+00
9.747200580285048099e-01,2.841462585748048753e+01,4.382817265404743701e+00
9.761829933309875695e-01,-3.788126105622765749e+00,4.382112655025855119e+00
9.779394038143388590e-01,1.179544482420868690e+01,4.390885829190569467e+00
9.836641997990550612e-01,2.720968433734812919e+01,4.417858404259312977e+00
9.836970554880810624e-01,2.965406338459160906e+00,4.416143584819170798e+00
9.893961808818232395e-01,1.534446620234125191e+01,4.429030757717193012e+00
9.941717249065857853e-01,8.510064153660252373e+00,4.433837628619363258e+00
9.985798751263879058e-01,1.508236494489137414e+01,4.446365307814977186e+00
1.000208750333289487e+00,-3.840057786182750732e+00,4.445652843042202207e+00
1.004776382399497292e+00,-1.489256123130999754e+00,4.442182893840428193e+00
1.015807634183827801e+00,-3.375315271235457715e+00,4.440932169781102168e+00
1.032930409900715940e+00,7.000691011581238854e+00,4.443929545474077258e+00
1.037414995925644678e+00,-1.007542593044660606e+01,4.450516090953576587e+00
1.045454305676302376e+00,-1.368477697167179485e+00,4.446915578811302616e+00
1.047486216627469435e+00,1.731934367737106584e+01,4.461935914982317897e+00
1.059823655005170950e+00,9.811589764398931379e-01,4.457879065403597352e+00
1.061162323739896829e+00,3.956550455087435836e+01,4.498749409391339604e+00
1.066794868862432244e+00,-1.159621826230797126e+00,4.494866702899292576e+00
1.072161537711772361e+00,1.897010718906404492e+00,4.491849448562483360e+00
1.074069278716618614e+00,3.501786665346337202e+00,4.490700883848774971e+00
1.075652651557045925e+00,-3.797222185367029823e+00,4.489897316411368244e+00
1.076359173023151872e+00,-1.556192926838474477e+01,4.502712168207634313e+00
1.085576312037656477e+00,5.591207238399725554e+00,4.503970544011324684e+00
1.091948357250923207e+00,1.439167118556795089e+01,4.515388212188641504e+00
1.093650318307548996e+00,-1.624519293266166287e+00,4.512053876642018402e+00
1.096090595065716933e+00,-3.980140338205536921e+00,4.511441073026308146e+00
1.099376996969062104e+00,1.063955126092103853e+00,4.507473885515451251e+00
1.107359911329614421e+00,5.366796018460298967e+00,4.508461612105043592e+00
1.108259913788807838e+00,1.259376264959296421e+01,4.517744391711802976e+00
1.111933760274659511e+00,-7.504832833006151560e+00,4.521169951850902535e+00
1.116074413286864075e+00,5.462613507868603335e+00,4.522248352258711357e+00
1.119604474258454996e+00,-1.409469984021917810e+00,4.518686820944939342e+00
1.130574443117399408e+00,3.843240829962468297e+00,4.517914882669531451e+00
1.131995989094729760e+00,4.192773614623270362e+00,4.517543716838428480e+00
1.135942226905332308e+00,-4.444141018857195036e+00,4.517460019349281986e+00
1.137800722983671742e+00,-7.677903032149671958e+00,4.521059612757938773e+00
1.137922168119853250e+00,4.508349758342617974e-01,4.516429095537319860e+00
1.138030448178987797e+00,1.159436713790897500e+01,4.524472206949106123e+00
1.142155174963196629e+00,-3.339313423767009681e-02,4.519374500850681819e+00
1.161629253108173110e+00,6.378686209009799768e+00,4.521482564011860106e+00
1.164288975359309086e+00,-9.232977424415832246e+00,4.526818345280720912e+00
1.169591540248675621e+00,1.905597691515929171e+01,4.543254045020402643e+00
1.171980386457885714e+00,1.116853187833395111e+01,4.550740234662565165e+00
1.181404069525475276e+00,9.099764681696647983e+00,4.555874573767569657e+00
1.183983688728326822e+00,3.954206580816887140e+00,4.555196255849924825e+00
1.186124704208121994e+00,-5.433528172137066292e+00,4.556185368368265820e+00
1.188932766536043406e+00,-3.385437765604528693e+00,4.554868441930961076e+00
1.193879162126173066e+00,1.777071928885427354e+01,4.569717712545481980e+00
1.194462264188675515e+00,1.221882861124607444e+01,4.578302573262317487e+00
1.198216271680342615e+00,1.079231287260008543e+01,4.585268952521665220e+00
1.210669774994727277e+00,7.915808289879890935e-01,4.581020701543463858e+00
1.220303958834105584e+00,2.564711329910212356e+01,4.604584563509412476e+00
1.224130434826601554e+00,1.801876296917324538e+01,4.619572472342556857e+00
1.231449370908061836e+00,8.642327473419726402e-01,4.615381244970905072e+00
1.231642863789087494e+00,3.358626098609903465e+00,4.613980180147760457e+00
1.252553541880306209e+00,1.423945952444837815e+01,4.624698976744976875e+00
1.259035274897835510e+00,5.058256096206363850e-01,4.620117360096339887e+00
1.259878574089155601e+00,-1.707940062296344763e+00,4.616881607543228405e+00
1.264323109935767020e+00,-1.737298722125864003e+00,4.613685622098814498e+00
1.273284206922359107e+00,4.389421171566119995e+00,4.613436991887581051e+00
1.278558070571074623e+00,-7.062828575504781270e+00,4.616149496409859054e+00
1.279540547043567233e+00,6.759897853354800645e+00,4.618520899459576334e+00
1.279790108282411243e+00,2.616169400245290433e+00,4.616308356366522148e+00
1.281922994838773366e+00,1.238321252340349332e+01,4.624881098272744850e+00
1.286102791308440407e+00,-1.559170053062717898e+01,4.636972409664536166e+00
1.304500949422571443e+00,4.068454834536808562e+00,4.636346288987081898e+00
1.309256530117410167e+00,-1.768060059279797258e+00,4.633190858591363259e+00
1.341888515162119822e+00,9.061181175422618139e+00,4.638056782016453994e+00
1.360504815066797324e+00,8.752158949008041589e+00,4.642572810739824973e+00
1.381628266462598953e+00,4.974141016206530708e+00,4.642936372368627218e+00
1.383638264360112169e+00,3.819822217892976823e+00,4.642034823459014525e+00
1.385473533423004167e+00,1.333029549295344651e+01,4.651540579114916696e+00
1.385606827242056083e+00,5.643284761715836595e+00,4.652624452538524302e+00
1.387169549793515033e+00,8.160855196340790485e+00,4.656454398765382585e+00
1.397460278793750899e+00,1.575102383846677867e+01,4.668553165875198196e+00
1.408038947481683012e+00,-2.217391474612909974e+00,4.665883055100402466e+00
1.409780514465159396e+00,1.489964746084493896e+01,4.677018816151267799e+00
1.410435326193227867e+00,-5.048128727323856424e+00,4.677422196489499306e+00
1.412582522293276410e+00,-2.394018230337266573e+00,4.674942930511048367e+00
1.431821725685055835e+00,1.311253198226623340e+00,4.671294677005318086e+00
1.435138723483945444e+00,2.193795136800114420e+01,4.690001780679203591e+00
1.447928848064388818e+00,2.646032615210530992e+01,4.713562737791135326e+00
1.450514371018197135e+00,2.463567561742159739e+01,4.735100157120466946e+00
1.462852589318038188e+00,-7.798201638042257855e+00,4.738408042089063521e+00
1.478464676984182713e+00,1.568607025488422835e+01,4.750217817938897191e+00
1.485509660164010537e+00,-1.610998244865527340e+00,4.746835038226532077e+00
1.495274067244904526e+00,1.124770663871061771e+01,4.753832747161391481e+00
1.495891340682750315e+00,1.647653502506275203e+01,4.766437803374190096e+00
1.498336890378063169e+00,-4.323760688316383494e+00,4.765962317751140986e+00
1.498595327757886064e+00,1.171929164285840130e+01,4.773422971533444858e+00
1.498782824254276225e+00,1.944040206804056936e+01,4.789143206363569938e+00
1.518613607497382612e+00,2.753523865075694488e+01,4.813496627610243550e+00
1.552833725851867408e+00,1.631637062487452283e+01,4.825799166644752169e+00
1.554835835921253073e+00,1.453062201396551245e+01,4.836167567122658717e+00
1.572063808718112909e+00,-9.207000848346787336e+00,4.840832277134636819e+00
1.577209767239152516e+00,5.136398455872448920e+00,4.841147379670604600e+00
1.592715717198086356e+00,1.176397418495216840e+01,4.848519932178890990e+00
1.595242352588255530e+00,1.877889604472552065e+01,4.863339481234792316e+00
1.601591148995482827e+00,8.677848404062650900e+00,4.867393157029509254e+00
1.621379567132134270e+00,6.818754980266561461e-02,4.862298458932664325e+00
1.646005890744616007e+00,-7.029537627844121062e+00,4.864596697711998097e+00
1.654684820675694112e+00,2.822546909416701055e+00,4.862433509376940854e+00
1.658422520570963510e+00,6.066861122033969878e+00,4.863708035951180619e+00
1.659341375784864514e+00,5.357966891185231617e+00,4.864230508314006940e+00
1.671399649394961218e+00,9.960142960393749689e+00,4.869611619667839619e+00
1.677439231466097969e+00,1.575555033539308170e+01,4.881094677384849589e+00
1.681064464836441896e+00,-1.563355773100465740e+01,4.892424986187399405e+00
1.686770342223139263e+00,-4.283686217106179583e-01,4.887725979487949957e+00
1.691588013689316883e+00,-5.412062175879526649e+00,4.888277331955239724e+00
1.699122031031674585e+00,2.321965210476010100e+01,4.907532977724991419e+00
1.718002919440084764e+00,4.624463992043480687e+00,4.907235948359114808e+00
1.721069767238694981e+00,-1.617976179869330622e+00,4.903788086966567761e+00
1.737943634237001378e+00,-5.523007515505458542e+00,4.904436484273937857e+00
1.746238154166924961e+00,1.175166774826575278e+01,4.911598860073092432e+00
1.752216168462616297e+00,1.668291531738898925e+01,4.923899086256285251e+00
1.752606741379969524e+00,1.668583167566040970e+00,4.920501052938236697e+00
1.756189730377238245e+00,7.807938282222131932e+00,4.923511936389002308e+00
1.760709516676973951e+00,2.686069382667601246e+01,4.946363167524718385e+00
1.771901674641009894e+00,-7.716547437429355227e+00,4.949245773424721939e+00
1.823711512184590378e+00,1.212650377040887406e+00,4.945361578625987242e+00
1.838092680441372639e+00,3.304528206152824055e+00,4.943657701811374316e+00
1.851355105962738890e+00,8.349322180138941007e+00,4.947190548780593389e+00
1.851930284913137159e+00,-2.722167995606531576e+01,4.970272921223374496e+00
1.873689004696448279e+00,-1.721983930033047727e+00,4.966910303220073430e+00
1.879163051898315118e+00,2.189813087371959455e+01,4.984419321390184621e+00
1.882303608487437385e+00,-5.913098991450667086e+00,4.985378701214629338e+00
1.885222294552360012e+00,4.883292034652775726e+00,4.985273348617557332e+00
1.890633571601888274e+00,-1.702893269155811851e+00,4.981889451628421561e+00
1.916942538262704776e+00,7.957288632251867000e+00,4.984953714430298888e+00
1.951299457389748415e+00,3.764569003532685088e+00,4.983698174604272779e+00
1.972799069218236001e+00,3.482042011106294410e+00,4.982154848639732236e+00
1.976445256327367783e+00,-9.316799587833557439e+00,4.986605202581410268e+00
1.987114756844868824e+00,8.408185400781341912e+00,4.990114515605205803e+00
1.999348675381541707e+00,8.423460473624800215e+00,4.993632288103176720e+00
2.000943509535517251e+00,6.663634303417474314e+00,4.995341604393159329e+00
2.001363426609333640e+00,-7.303954616036094194e+00,4.997702149394839921e+00
2.009897701866992126e+00,1.063617566720053276e+01,5.003461570761341903e+00
2.029649797173304293e+00,2.190090521396420797e+01,5.020703860193181711e+00
2.051501983302174814e+00,-1.814494449592202585e+01,5.034082291014515320e+00
2.080991168873671970e+00,-1.789523491067216199e+01,5.047179187775877374e+00
2.099019413206633544e+00,1.917589977545503643e+00,5.043995475456212851e+00
2.105314194604100742e+00,5.402423272482778316e+00,5.044359731347500819e+00
2.116264537867782458e+00,-1.897084219001513361e+00,5.041164527781667459e+00
2.121335588171417985e+00,1.032793901734123665e+01,5.046526368034770726e+00
2.130442596635907737e+00,6.372799357554825406e+00,5.047870109665488769e+00
2.145395701155112356e+00,6.054256664324565662e+00,5.048888719538626724e+00
2.151833495203875124e+00,-3.718252109034523301e-01,5.044159636112301115e+00
2.179787024480892121e+00,1.046395021020932603e+01,5.049634172045732505e+00
2.191560877468897051e+00,1.149689596647016288e+01,5.056139986167251799e+00
2.193675061020400552e+00,1.773804585686978896e+01,5.068924165472394883e+00
2.200704039654875377e+00,2.185061630981852687e+01,5.085824157561362746e+00
2.206652290107179670e+00,2.800225374907483911e+00,5.083524762407787279e+00
2.227232638151523947e+00,-2.392784322957098198e+00,5.080820500659595673e+00
2.249633423982176250e+00,1.488612228469258270e+01,5.090665181165654474e+00
2.303076117800245015e+00,2.433897778285704305e+01,5.109971412461231211e+00
2.307974324188961646e+00,-1.462887658810807068e+01,5.119509393599154912e+00
2.339565437002991022e+00,1.242270380255622797e+01,5.126819898513024221e+00
2.346653605453896674e+00,-4.247940736785821514e+00,5.125941019351297534e+00
2.468829371473901801e+00,5.763679186325177284e+00,5.126578120417206286e+00
2.469131113716317660e+00,1.058694965629297968e+01,5.132027593007899569e+00
2.488651489137479800e+00,8.149892128425918258e+00,5.135036431029253556e+00
2.493207000983526545e+00,5.873988497485669313e-01,5.130506911525986702e+00
2.496830114059450434e+00,1.436341710677343286e+01,5.139693886844640680e+00
2.498748342982919368e+00,2.840037380201103190e+00,5.137407945983166968e+00
2.511311800136355465e+00,1.593979996062397930e+01,5.148135246891447636e+00
2.550252537714288614e+00,1.181947458386579086e+01,5.154753639090827733e+00
2.611948721228525283e+00,-2.431887232777356189e+00,5.152055059897256761e+00
2.628366277927267625e+00,-3.101656062525592006e+00,5.150024961880057539e+00
2.692373594539021919e+00,1.706727923777506817e+00,5.146619129003595638e+00
2.733151907364508304e+00,5.581633630732916629e+00,5.147048985230600948e+00
2.777697479534348979e+00,-5.520889346470120529e+00,5.147418028035378512e+00
2.945144692365923245e+00,-1.784598224007313405e+01,5.159941266903265600e+00
3.161133869285799314e+00,1.093132728606828152e+01,5.165627361503428716e+00
3.180052025594915399e+00,1.271271377533300040e+01,5.173055596162709158e+00
3.245724616462349221e+00,1.258876116215225238e+01,5.180347342048638559e+00
3.251318591197754237e+00,1.777389553342373318e+01,5.192718214535253729e+00
3.413762321995525095e+00,7.801974254988145674e+00,5.195278819089183209e+00
3.463691393975524502e+00,1.227425506633449004e+01,5.202218991880598331e+00
3.490341639814874775e+00,-3.286720825797786460e+00,5.200342891815875390e+00
3.605567554797635133e+00,1.351998808434641575e+01,5.208483444841835563e+00
3.747197650279488812e+00,1.211963110573003632e+01,5.215239209906241236e+00
3.747778575266333068e+00,5.565306852714854813e+00,5.215581072838672227e+00
3.757525136917517550e+00,-2.224566706344120348e+00,5.212663010042092537e+00
3.779256229044238413e+00,1.292858960214975994e+01,5.220183406330695774e+00
3.786464889945523105e+00,1.049949197513109311e+01,5.225323921003335315e+00
4.183937079097395539e+00,-9.181354349925825886e+00,5.229172199630691686e+00
4.230301223001913691e+00,1.928441802497506075e+01,5.242831330656293254e+00
4.251976167791132077e+00,-1.917375653727503959e+00,5.239602732911702532e+00
4.259509827960457073e+00,8.943822563141061721e+00,5.243195574648103374e+00
4.458763428523432104e+00,8.275765874642821984e+00,5.246134111760501817e+00
4.547647421250340827e+00,1.278444408246232200e+01,5.253431604471733074e+00
4.796647626773747675e+00,1.033629191242237511e+00,5.249350557650427795e+00
5.080349987287708480e+00,2.152630298496551120e+01,5.265077081734789388e+00
5.173713251945464719e+00,-6.360536244308242715e+00,5.266134474748857208e+00
5.598955912820275493e+00,1.968404981176987434e+01,5.280037961091211152e+00
5.796134266379544542e+00,3.915610966454441666e+01,5.312673868319971682e+00
5.994816795615938609e+00,-1.863861994499941233e+01,5.325499610453444888e+00
6.550262078163268775e+00,1.628802383114436481e+01,5.336040499127187253e+00
6.845455600826484854e+00,2.696429560302713213e+01,5.356816920936889659e+00
6.847239683206515437e+00,1.956576431320772969e+01,5.370453146841179581e+00
7.115259845727537780e+00,-1.489751056507898141e+01,5.379587430080142063e+00
