4.185070598987921525e-02,-1.335390864851252246e+00,1.335390864851252246e+00
4.239335576905618047e-02,8.417532904844620134e-01,1.088572077667857130e+00
4.954090740941645421e-02,6.095000671993879848e-01,9.288814075117007851e-01
4.991328479400723023e-02,2.944579318737559959e+00,1.432805885318165551e+00
5.016552567401364598e-02,7.250257628656164854e-01,1.291249860827655693e+00
5.224100365015689473e-02,1.332038117808124866e+00,1.298047903657733926e+00
5.235459733546685146e-02,1.125962493527762120e+00,1.273464273639166588e+00
5.464954211483816909e-02,1.034479719882988036e+00,1.243591204419644214e+00
6.446773283129277055e-02,2.515977751973803578e+00,1.384967487481217452e+00
6.565066126185316320e-02,1.123281278207599598e-02,1.247594020011303373e+00
6.613404097034750184e-02,-9.453126963890738921e-01,1.220113899682009784e+00
6.624241071183147034e-02,5.277291890735220647e-01,1.162415173797969103e+00
6.794688408568071158e-02,7.693643208353329044e-01,1.132180492800843208e+00
7.445981462384262950e-02,-5.028629435628353406e-01,1.087229239283842741e+00
7.561930502664357401e-02,4.238546533208683798e+00,1.297317058878832086e+00
7.592178610742437994e-02,-1.579971648668237805e+00,1.314982970740669943e+00
7.625297746632032914e-02,1.896592795432304968e+00,1.349195313369589755e+00
7.632183211968215919e-02,-2.252604587495266486e+00,1.399384717487682783e+00
7.709834848130266149e-02,-4.908203418531012829e+00,1.584059385963647593e+00
7.749016899833158223e-02,3.963690559876841490e+00,1.703040944659307332e+00
7.755002290387394415e-02,-4.447234972506770134e+00,1.833716850747281635e+00
7.986722091981156291e-02,1.104118319029392836e+00,1.800553281123741467e+00
8.015064045607665777e-02,2.606170055005470942e+00,1.835580097379468700e+00
8.110525912199623155e-02,9.030360424730830005e-01,1.796724095091702722e+00
8.167018690814818738e-02,-2.344999800135354917e+00,1.818655123293448916e+00
8.595611555716659025e-02,-3.809453312256685820e+00,1.895224284407419413e+00
8.622733155419584627e-02,-2.558491169598930526e+00,1.919789724599697545e+00
8.742761633007671562e-02,2.025791869084336838e-01,1.858460776825009875e+00
8.792087773144391383e-02,9.352869325095980457e-02,1.797601049805214846e+00
8.796274275639964779e-02,3.153445221766421724e+00,1.842795855537255001e+00
8.936476994296192744e-02,-6.965806827481628716e-01,1.805821172544058495e+00
9.013873723117013514e-02,2.578363177633207215e+00,1.829963110203094434e+00
9.023346084165105585e-02,3.609048584067586773e+00,1.883874791229291246e+00
9.060763764606112602e-02,-3.143158853567456390e+00,1.920912557768649220e+00
9.125115098180267004e-02,-6.620890139191857315e-01,1.884946170801521603e+00
9.167137363508853776e-02,7.759374340182141339e-01,1.854140372557540939e+00
9.216708232642593923e-02,-2.286282016120217975e-01,1.810207611180635112e+00
9.339800923567105617e-02,-1.681209274800682607e+00,1.806812918118004818e+00
9.408884935737520105e-02,4.306523359260065575e+00,1.870908057634467880e+00
9.441244089467103195e-02,-1.566346981114826065e+00,1.863294030721476258e+00
9.465055059013044447e-02,2.326974021225829858e+00,1.874603298782558269e+00
9.469315644917750130e-02,2.178688420619796062e+00,1.881843420731063921e+00
9.509212145676586292e-02,-1.512554245169496880e+00,1.873255300369166987e+00
9.601878397218313599e-02,-1.787378501901251582e+00,1.871303554949441450e+00
9.876803115582173664e-02,-3.083865036875817367e+00,1.898249365658916554e+00
9.930569575284346751e-02,-6.179581733466527282e+00,1.991321808437342744e+00
9.990811746959395168e-02,-1.560262533755835790e+00,1.982150334507948974e+00
1.007031081274153278e-01,-3.686503721154121394e+00,2.017657696729744377e+00
1.012606590015158042e-01,-7.969147989533500009e+00,2.139116682297168115e+00
1.015819384629563643e-01,-1.697424960723509457e+00,2.130282847865694773e+00
1.023851469041358875e-01,-2.415331307124514382e+00,2.135872033341358112e+00
1.024054799956492373e-01,-7.105171492863593841e+00,2.231435484486016474e+00
1.025907035038042397e-01,7.346277134218013316e-01,2.203193828428200884e+00
1.029721548496654454e-01,5.361675937725113528e+00,2.261684237859625135e+00
1.037335678890209945e-01,-1.164128865735435170e+00,2.241728685639185592e+00
1.045269594220405024e-01,1.372407354630027498e-01,2.204148543671753835e+00
1.057408154058095545e-01,-1.674401724664825508e+00,2.194854739829526835e+00
1.076175845875719100e-01,5.426645844646031946e-01,2.166368702668062696e+00
1.077480602988758196e-01,-2.151242985257667328e+00,2.166112334576361320e+00
1.090744682971674789e-01,-2.977626274936589823e+00,2.179637566915698432e+00
1.094844670003805032e-01,-2.384427334770965246e+00,2.182994776224801203e+00
1.099974552400055372e-01,-1.165599555107792895e+00,2.166585175884204517e+00
1.101585796793695393e-01,8.549448396078286549e+00,2.267900465093634299e+00
1.104428776329974826e-01,-3.742721670225957808e+00,2.290944546423826722e+00
1.105074242088907449e-01,1.117781248454711829e+00,2.272895880301224913e+00
1.118452425449812659e-01,6.655651386241370204e+00,2.339301266754863828e+00
1.140137086329799238e-01,5.050881459145994512e+00,2.379772612909955232e+00
1.141934226547784148e-01,-1.715860263279047615e-01,2.347299280754336692e+00
1.142947410804759784e-01,2.930508107018336972e+00,2.355751582584249881e+00
1.147404143706958479e-01,-2.385938641193277476e+00,2.356182826278664599e+00
1.148564365136676840e-01,-1.664648998303899674e+00,2.346442913208597325e+00
1.175496895117012081e-01,-2.061817583112990349e-01,2.316717063835023183e+00
1.177658734041032024e-01,4.728569854273100503e+00,2.349756143156092936e+00
1.178957518815524630e-01,-2.564824105500065343e+00,2.352662466971552124e+00
1.179923425821231137e-01,-2.173528148867358567e+00,2.350274009396829289e+00
1.182489030641141331e-01,-5.735489418385636640e+00,2.394816317409839801e+00
1.186589299905263933e-01,1.617106338315650760e+00,2.384716187811214194e+00
1.190042590633212938e-01,-4.692115275524237461e+00,2.414298227397278396e+00
1.192936628084209222e-01,1.068486591339983249e-01,2.385090005014198766e+00
1.206482222324351816e-01,1.427846977898994396e+00,2.373124467175259156e+00
1.207009434498151901e-01,1.973017781916457380e+00,2.368184878468360566e+00
1.207938636505656027e-01,-1.043578636900801015e+01,2.466570262499331978e+00
1.211373614337130228e-01,2.526148494871431893e+00,2.467288072527911158e+00
1.214904201025803626e-01,-7.304210163056481520e-01,2.446611083763360561e+00
1.233803501326283247e-01,1.012929040285960980e+00,2.429744236193038365e+00
1.245617831135434339e-01,2.321193492955906379e+00,2.428482018248420360e+00
1.249902048853090003e-01,-1.644289470620286409e+00,2.419468310804418820e+00
1.257606283393381541e-01,2.021448437675061882e-01,2.394271453224453783e+00
1.257606516480613834e-01,-5.097452881489743959e+00,2.424644278261142372e+00
1.261330994917119475e-01,5.597191712335440883e+00,2.459894805306412469e+00
1.270662667134307700e-01,4.926457815174494215e-01,2.438276684165874286e+00
1.277367375535674587e-01,9.029601675133349659e-01,2.421588461158781236e+00
1.296328593197764167e-01,-5.160612380751672390e-01,2.401098921125624397e+00
1.305436902399719490e-01,-4.631369297385241168e+00,2.424825201724130963e+00
1.309849440580454494e-01,-4.221939312352255058e+00,2.443742192362321486e+00
1.335630186879243064e-01,-7.314087430249880839e+00,2.494474955256983595e+00
1.337939280440470224e-01,-4.651224552875479645e+00,2.516709487191195027e+00
1.346977133231890278e-01,5.260838855224619692e+00,2.544710807273168562e+00
1.369749673275471591e-01,1.533470947884580937e-01,2.520555618258171648e+00
1.370661327064682800e-01,3.036669338488877656e-01,2.498386731414078632e+00
1.370958486840447021e-01,-1.092438323917008347e+01,2.581812439411662830e+00
1.372596945838083227e-01,2.339997861083695341e+00,2.579441708251585030e+00
1.373546010396454464e-01,-1.283066507389321487e+00,2.566855541252921924e+00
1.375965210501637892e-01,-1.633846380677457688e+00,2.557884299324312050e+00
1.381298540960331223e-01,1.001504026340377607e+00,2.543061630057798617e+00
1.396260835760491092e-01,1.982963632547338761e-01,2.520941203012486476e+00
1.397371464971912947e-01,-2.747288421422108939e+00,2.523056597577062465e+00
1.404011078897851594e-01,2.265885406747830899e+00,2.520675382847162194e+00
1.406673883296255811e-01,-3.225975281916966253e+00,2.527146024123032131e+00
1.412535220992029716e-01,-4.250504203775953727e+00,2.542812916665331713e+00
1.427860257007144973e-01,4.972590177696485370e+00,2.564702801899846563e+00
1.433694482267061088e-01,2.988396206850907788e+00,2.568485778729765912e+00
1.437938279368281003e-01,3.354815012209943603e+00,2.575444444512776432e+00
1.441296249531279494e-01,1.199611000120150095e+00,2.563375730088279791e+00
1.441478819568724756e-01,-6.032923266012595320e-01,2.546331526579697080e+00
1.442203965576019375e-01,-2.408188592601913314e+00,2.545140639217819523e+00
1.443364363346678336e-01,-3.859174249759401931e+00,2.556371695718175019e+00
1.444107871220756678e-01,-2.967794492265067419e+00,2.559858329587216375e+00
1.444431587106739523e-01,-3.747192577994265861e+00,2.569835928313326079e+00
1.452893934700375533e-01,-1.851174765629121310e+00,2.563847085290958283e+00
1.460610209819623029e-01,3.028102432202970817e+00,2.567683906339817579e+00
1.465814419499874843e-01,3.690495217895939817e+00,2.576887277746015670e+00
1.472779300787575019e-01,1.783397003531106861e+00,2.570436137305243562e+00
1.478570109549514344e-01,4.668386505920025797e-01,2.553471641444653439e+00
1.479647335176300094e-01,3.477952373733760538e+00,2.560867487302966428e+00
1.491437226994268006e-01,2.772320934466137032e-01,2.542743396875534856e+00
1.492011042503338103e-01,8.621965292332873787e-01,2.529510744374415143e+00
1.492048800509207518e-01,-4.030348978917523084e+00,2.541236043081782192e+00
1.493653514977596186e-01,-2.604883357162506741e+00,2.541729433113415926e+00
1.511220498673167545e-01,1.820115228927534190e+00,2.536178554619678227e+00
1.512275237115072446e-01,-2.941587132396463744e+00,2.539273276587440176e+00
1.528513173800652436e-01,6.088308854975412743e+00,2.566159909757045998e+00
1.529447887650472182e-01,7.192099319942357738e-02,2.547406233692703470e+00
1.530111344604803136e-01,-2.635172232535282433e+00,2.548061203833319244e+00
1.534310917703543831e-01,-1.517700125977171410e+00,2.540428899552903186e+00
1.535229676698984802e-01,7.576009495180109354e-01,2.527319870508529132e+00
1.536993210170092827e-01,-1.379809331332502609e+00,2.518943881171477717e+00
1.541859954787253295e-01,-1.410699579082677957e+00,2.510913125359239828e+00
1.544509431193903659e-01,2.725417392682675910e+00,2.512456321527035019e+00
1.547357063522622200e-01,2.140019673760392038e+00,2.509796059757273046e+00
1.559482506145039304e-01,1.253522568861111353e+00,2.500886318687087329e+00
1.563534570116861810e-01,2.129080673881095009e+00,2.498267969075777639e+00
1.565560488369109049e-01,7.982676638031875882e-01,2.486379855052892385e+00
1.570564239304452769e-01,-4.401096301948150824e-01,2.472169645158044826e+00
1.575402432152562537e-01,4.877981825593593612e-01,2.458484324726329717e+00
1.579205367245106184e-01,-8.537419013487266284e-01,2.447492938264839157e+00
1.581608635714704947e-01,5.002013037619587266e+00,2.464870626015551291e+00
1.582329360505257410e-01,-1.839133972964688724e+00,2.460642675657099598e+00
1.590253267199500387e-01,-5.453037690539368043e+00,2.480725863676443765e+00
1.592210476116696638e-01,-1.217289131260887558e+00,2.472302952127006570e+00
1.595260894831330711e-01,-2.011562362566017725e+00,2.469251689944483630e+00
1.602992483299509607e-01,-3.216531764711163532e+00,2.474168006225843541e+00
1.618894567076799851e-01,-2.727864018414045688e+00,2.475826150096354539e+00
1.622617885302189145e-01,3.913817560123433736e+00,2.485163756654972023e+00
1.625300170469135552e-01,-2.135714743254947479e+00,2.482909246891100263e+00
1.626801178219522692e-01,-7.617017478939178687e-01,2.471875865487272339e+00
1.640225902404667535e-01,3.653186795871466330e+00,2.479400138929209962e+00
1.642570959399139996e-01,1.527292480654931950e+00,2.473374141092031131e+00
1.648716885691358658e-01,-5.051107997562144902e+00,2.489586303711340154e+00
1.658590111925652422e-01,-1.019940660241687169e+00,2.480401018439654770e+00
1.659975016923131708e-01,-1.749250109180916724e+00,2.475859708444258622e+00
1.664364437663770069e-01,7.129349117864105523e+00,2.504584951712282681e+00
1.664904071090801407e-01,-1.181568136345742204e+00,2.496468284133346760e+00
1.687160372237578032e-01,3.313138903710118655e+00,2.501447983033205258e+00
1.689122472473324754e-01,1.137354778564247937e+00,2.493180751490969183e+00
1.692465186642135577e-01,1.913302358730607722e+00,2.489687508161087415e+00
1.695894188848077466e-01,3.019619740826833265e-01,2.476587355262414469e+00
1.713680774060148404e-01,-3.742497716062096913e+00,2.484122535981459823e+00
1.717133773010300068e-01,1.852949224088323632e+00,2.480387782656648277e+00
1.719176032873442339e-01,1.499939189825155239e+01,2.554028983336618541e+00
1.719685994498355019e-01,-4.166358261054341483e-01,2.541529608148132446e+00
1.725069585261819194e-01,4.534598696414168018e+00,2.553117219126423088e+00
1.727700507672534636e-01,-1.420160797224141902e+00,2.546568338074965077e+00
1.732921226415201632e-01,-2.231220407942959838e+00,2.544755993648919024e+00
1.736833465727146975e-01,-1.507201872362679396e+01,2.616340352105935185e+00
1.739650552369386705e-01,4.288888302885816017e+00,2.625843465462638804e+00
1.742150899317020107e-01,1.264248459896329280e+00,2.618150838312546913e+00
1.742286071284717408e-01,4.193385130652522719e-01,2.605797960080820541e+00
1.754673956065941620e-01,3.898507793873044136e+00,2.613019802727704288e+00
1.769368182845536264e-01,1.778025633856142207e+00,2.608380946233973763e+00
1.771480735440760235e-01,2.902853424888242273e+00,2.610007866005544130e+00
1.772614846204612349e-01,1.317306833918955533e+00,2.602905113081991573e+00
1.775007091690840311e-01,1.312640141288714091e+00,2.595854484820826258e+00
1.779072224328964724e-01,-3.043410271672883027e+00,2.598286853227630644e+00
1.779833701591204131e-01,-1.098249300810440587e+00,2.590178542133483752e+00
1.784269800436260600e-01,-6.317612303765695714e+00,2.610218508593872055e+00
1.787284222238389175e-01,-3.121781858204926152e+00,2.612954141479492787e+00
1.791330507075618028e-01,6.695220770927218013e+00,2.634668325678682699e+00
1.794137789121334481e-01,-7.731460059839143639e-01,2.624819001235853211e+00
1.809775948125609268e-01,2.343485415853358234e+00,2.623338298154892723e+00
1.818194104776440223e-01,1.817449160549408305e+00,2.619118983298319492e+00
1.819783388234683108e-01,2.502685773578946282e+00,2.618512560331030858e+00
1.826026530436224149e-01,3.590065334109205253e+00,2.623546512526772734e+00
1.833952044622406130e-01,-5.725707725442028106e+00,2.639537034242831037e+00
1.835953764552550327e-01,-6.242122363639523996e-01,2.629202035279349481e+00
1.838235165611363520e-01,-1.718710681475521085e+00,2.624556671229330007e+00
1.841836924925120689e-01,5.263557540985672745e-01,2.613905905152524412e+00
1.845218949813297871e-01,3.980967532247944973e+00,2.620810256804520844e+00
1.854836382165308828e-01,-1.078726773204152778e+00,2.613061093570348437e+00
1.856868406934906457e-01,6.933112127608602293e+00,2.634661348740539921e+00
1.863924359689113075e-01,-7.128372928248033702e+00,2.657018122767939694e+00
1.864051205103961495e-01,-1.474196810156742288e+01,2.716844607811501611e+00
1.864580990862283738e-01,-3.385042631200597896e+00,2.720136223690265531e+00
1.870899023347896428e-01,-2.619861500750076289e+00,2.719644680930755065e+00
1.877461256136460643e-01,-8.640665916754031173e-02,2.706799617409958891e+00
1.883994963588862814e-01,-5.617527432428193634e+00,2.720929364084804458e+00
1.889729488971896576e-01,-4.143492412918206469e+00,2.727801649344868906e+00
1.898657233481630680e-01,-2.043499123956049601e+00,2.724511733357423804e+00
1.902095568975178397e-01,-2.024470532141876333e+00,2.721162253925769825e+00
1.908447024388683633e-01,2.595984596639056008e-02,2.708327956745011367e+00
1.916882024509040106e-01,-6.457413607255162447e-01,2.698552664820748070e+00
1.929593197073998512e-01,-1.008365760133180800e+00,2.690580085081656136e+00
1.931664770496810957e-01,3.454081211786355965e+00,2.694164597413602369e+00
1.948938859708869431e-01,2.218486924548777495e+00,2.691941804549748518e+00
1.956321208574595683e-01,6.574962580800658429e-02,2.679726957206763682e+00
1.956689184806029436e-01,-4.762880100819142370e+00,2.689371184723487573e+00
1.958207907750093568e-01,6.530397136799976465e+00,2.707071765147803344e+00
1.967129246165163770e-01,-1.335328674839743712e+00,2.700779365650977315e+00
1.968241238066279764e-01,-8.805043889461966700e+00,2.728652719640981772e+00
1.969499861920640527e-01,-2.499195297083648626e+00,2.727609731356630096e+00
1.971368610615351902e-01,-4.012318365657375097e+00,2.733422892597809906e+00
1.981089382185133585e-01,-5.297589877034535988e+00,2.744973194329507482e+00
1.982397894409557715e-01,-1.693477508811845667e+00,2.740257967040190312e+00
1.983083263166286192e-01,3.615105187252485308e+00,2.744163534987566599e+00
1.995715377807929236e-01,2.661065582648340921e-01,2.733149948424354214e+00
2.004485390380334187e-01,-3.946782077267915412e+00,2.738520002091803907e+00
2.005582953798180912e-01,-7.150508350209694441e+00,2.757956074109944478e+00
2.020554986374023254e-01,-5.662655853175429854e+00,2.770695985421634866e+00
2.023357913955371179e-01,4.192731127282996795e+00,2.776905745866444342e+00
2.031317740677473782e-01,1.427858162778715467e+00,2.771040321592149969e+00
2.034352000669449323e-01,-3.319412318039461240e+00,2.773414226338674737e+00
2.037285397488717009e-01,7.457327995580619984e+00,2.793603509826786624e+00
2.038103139027551691e-01,4.185275194728731663e+00,2.799576349676151210e+00
2.039663211198596282e-01,3.097790046371557082e+00,2.800850767183396872e+00
2.040071524974769457e-01,-3.502992363909825713e+00,2.803838603765211435e+00
2.044919651576873332e-01,2.062973565175724389e+00,2.800699345127120488e+00
2.045659622088461249e-01,-4.803034305673886450e+00,2.809148015846727020e+00
2.048556022654883235e-01,4.435042748015192160e+00,2.815979506318022629e+00
2.051437435805484044e-01,-1.477706282321332054e+00,2.810380036761551459e+00
2.055013468438830482e-01,1.490627513492349010e+00,2.804881067914597015e+00
2.068977712515080725e-01,-5.548611127935593856e+00,2.816265839947878824e+00
2.069279977178269392e-01,3.524875600624390870e+00,2.819193979454806875e+00
2.072533050587604675e-01,2.169378230430684340e+00,2.816519840569934097e+00
2.074908652860267821e-01,1.035435462887221547e+00,2.809220314431890131e+00
2.075892157638869751e-01,2.555581789463690967e+00,2.808185055146305675e+00
2.077055814372647802e-01,-3.285335758542835549e+00,2.810124692151982462e+00
2.083543430683168218e-01,4.910905319139374114e+00,2.818629876876627360e+00
2.084205944891098783e-01,-1.806970019133508742e+00,2.814550603256695371e+00
2.089098744611351532e-01,-2.528800307434529770e+00,2.813403011707209078e+00
2.089690525293625145e-01,-3.083809960421188379e+00,2.814484639502064844e+00
2.096456364386280469e-01,-8.094797378630708806e+00,2.835521742048394245e+00
2.101427258757183336e-01,6.582077170365451479e+00,2.850389025494096895e+00
2.103118823986630526e-01,-1.448918355719332141e+00,2.844849615732141235e+00
2.106367998409922337e-01,-2.707644188444113809e-01,2.834715422043606381e+00
2.107383280207128506e-01,-1.678244217263056726e+00,2.830180240848388706e+00
2.122428349340942655e-01,-1.962339487459495047e+00,2.826790237905463243e+00
2.134880683990162398e-01,-2.226540149095960430e+00,2.824454634447060464e+00
2.136500026067547353e-01,-4.927283541918701104e-01,2.815416935686381628e+00
2.142505595390080120e-01,-2.023099464986291451e+00,2.812357794872867522e+00
2.144035909362842773e-01,3.624383444233277629e+00,2.815480970447330922e+00
2.146741183800927599e-01,-3.398143752244369153e+00,2.817713394898660351e+00
2.154430536713629885e-01,2.710228592720973495e+00,2.817303147562104648e+00
2.154441362381945280e-01,1.489074204869059059e+00,2.812252847399773437e+00
2.171725713664370561e-01,-3.338033134037956984e+00,2.814244439394614883e+00
2.176982658911554014e-01,-4.715907473918939274e+00,2.821420526317348632e+00
2.190491776389691947e-01,5.154593232303522399e+00,2.830191852279702491e+00
2.194010034518857066e-01,-8.230499548720153768e+00,2.850417723801951020e+00
2.195468121823687113e-01,1.512710710721464125e+00,2.845426279723292762e+00
2.203234118568694055e-01,-6.232712516896057764e+00,2.858018421868916636e+00
2.203656967987460136e-01,-3.851485954323599969e+00,2.861697931248378346e+00
2.211298349094681370e-01,-1.852355344772824708e+00,2.857973419859169528e+00
2.214395055437151927e-01,1.381879817091217433e+00,2.852546605143110980e+00
2.216957711671299347e-01,-3.357723678520059707e+00,2.854397070613356124e+00
2.219350026410503995e-01,3.714318566663106225e+00,2.857535470233975694e+00
2.242963299935880894e-01,-5.473329817845506540e+00,2.867047449679835935e+00
2.249538102207356560e-01,4.613574168301468603e-01,2.858331181444873081e+00
2.251958746336026607e-01,-1.825699328281825018e+00,2.854603268617569967e+00
2.254444183399488266e-01,1.578534602815309995e+00,2.850013093560727295e+00
2.268349178351838635e-01,-1.545857876450970281e+00,2.845338702101552375e+00
2.270327312465638403e-01,1.857832574346964805e+00,2.841811894502428881e+00
2.275574581295673193e-01,-8.743034742059137443e+00,2.862812687554232127e+00
2.279936366696945493e-01,-1.712300570715630244e+00,2.858732857352676682e+00
2.289376251919984506e-01,-2.207927855319202592e+01,2.926649979952815617e+00
2.296227713011908256e-01,-2.041066920319771327e+00,2.923531729742840479e+00
2.297390490685192188e-01,-2.662369900497090214e-01,2.914207888550934822e+00
2.301772626402204536e-01,-2.222053520702363727e+00,2.911787768383631736e+00
2.301819921422222637e-01,1.413932347118025490e+01,2.950908101842853792e+00
2.301898105896648672e-01,1.713037800792442056e+00,2.946609941075317707e+00
2.308910496264754142e-01,-3.567059934057077442e-01,2.937648335720059567e+00
2.309311672212540911e-01,-3.564084632716486567e-01,2.928747508573685376e+00
2.310269252512299754e-01,-6.285379975846058898e+00,2.940282328048847926e+00
2.313033840759153859e-01,-1.341617004837370786e+00,2.934807446804973186e+00
2.313952200418623872e-01,-9.646181598561689441e+00,2.957713160633494542e+00
2.323774899947363415e-01,5.392395349779540936e+00,2.965994392569365257e+00
2.325580492155565060e-01,-1.410953130436020331e+00,2.960723066257048952e+00
2.327642132931874719e-01,-3.687905160371041546e+00,2.963179762520947502e+00
2.329990768853257010e-01,-7.094026051938289612e+00,2.977088335885988979e+00
2.334770235962602969e-01,9.139998378759202069e-01,2.970165220120854599e+00
2.346360295648249605e-01,-7.810975284220738502e+00,2.986355220335235483e+00
2.347089863290532930e-01,1.383925655953582634e+00,2.981013788453963365e+00
2.354591619240929967e-01,-3.436710573312637962e+00,2.982527731260802728e+00
2.359416592160848702e-01,5.292047977310744500e+00,2.990175149294080459e+00
2.359773411233882512e-01,6.470929350903503519e+00,3.001662786923154691e+00
2.361654157718194036e-01,5.401470128091503398e-01,2.993565695560937545e+00
2.362996645822327546e-01,4.178349276616515340e-01,2.985120676649792415e+00
2.370278927809340852e-01,-3.548380005546970750e+00,2.986961393410894061e+00
2.376116414882920302e-01,-2.464089418215834826e+00,2.985258227367913797e+00
2.377579844725732638e-01,3.925093941905316797e+00,2.988309642025502644e+00
2.381007531545483724e-01,-6.270275036733718110e+00,2.998930889257567678e+00
2.382269878483524173e-01,-2.393985165525609915e+00,2.996979451439077735e+00
2.391157551875775777e-01,1.594857066864285855e-01,2.987855677340194749e+00
2.397909441078329429e-01,8.374520742317322686e+00,3.005120629471531579e+00
2.401854155301483273e-01,3.193763096802442192e-01,2.996539976692645268e+00
2.405249354898923442e-01,-1.054628754536686586e+00,2.990355546048836466e+00
2.410166801709532902e-01,-1.023768593504109603e+01,3.013362944109129415e+00
2.412361373792530628e-01,6.645970509964271855e-01,3.005930140649912374e+00
2.422810597169299252e-01,7.778539209106032359e+00,3.020985689761761073e+00
2.432574021060692759e-01,1.570418235188363099e+00,3.016424156885744612e+00
2.432633021049534772e-01,-5.682827046820722927e+00,3.024782786634756526e+00
2.434503471556494214e-01,-4.625272759973029224e-01,3.016775738164015230e+00
2.437965730138794418e-01,-1.801544602936811401e+00,3.012989971387606047e+00
2.450272210412014762e-01,-9.020993073741152557e-01,3.006434410319240857e+00
2.452515646576529929e-01,3.064254057737304748e+00,3.006613418515581948e+00
2.458278456760448760e-01,-5.191077728845456818e-01,2.998935931954992640e+00
2.461390739683331219e-01,-4.789217248544353822e+00,3.004444489852190259e+00
2.469010288861324121e-01,-7.919785917449857493e-01,2.997657784643272372e+00
2.473346671457412327e-01,-1.435803986869402138e+00,2.992881473335095244e+00
2.481496520418978446e-01,-2.035338536462202086e+00,2.989962135112922414e+00
2.487420715174884500e-01,9.530624410044232775e-01,2.983770950632349539e+00
2.493153023478817398e-01,-2.255937950084735633e+00,2.981565396085235076e+00
2.493728298937128995e-01,-2.255471019167593738e+00,2.979371757484275296e+00
2.498632767759586537e-01,1.063375222572632595e+01,3.002427120340426026e+00
2.500271213679729487e-01,-3.343558622551430659e+00,3.003451539265984849e+00
2.509364946301042565e-01,5.428271153723720488e+00,3.010711478231427041e+00
2.512553974413582192e-01,-4.706429213337131046e-01,3.003129184031732457e+00
2.518835275509533900e-01,1.094342088475640296e+01,3.026761004569603841e+00
2.532235098705929444e-01,-5.689046156756916162e-02,3.017948332335175898e+00
2.532349165357994369e-01,-5.136541041104784711e+00,3.024216358100766833e+00
2.539883694020394489e-01,6.096591305107896375e+00,3.033279411041790219e+00
2.550019010304719891e-01,-6.769265620788544879e+00,3.044267605776339813e+00
2.551279724877820176e-01,9.598352617495820027e-01,3.038154900955146953e+00
2.552038267871876709e-01,2.634350793123104495e+00,3.036974187189556584e+00
2.562232738942701871e-01,-5.537632290590373429e+00,3.044264735595973104e+00
2.564813780952018840e-01,3.071994906997893793e+00,3.044345346559349963e+00
2.576775135653499027e-01,-6.452215626316437636e+00,3.054223231428211172e+00
2.587825018862382476e-01,4.921800499449275890e+00,3.059620853590122369e+00
2.589604343311539547e-01,-2.457757008899886131e+00,3.057886375651532873e+00
2.619416290663020841e-01,-1.209090512987283006e+01,3.083843326094698689e+00
2.627219165533977163e-01,6.431514817944869122e+00,3.093435508019770630e+00
2.628909260668976788e-01,2.813357897405261099e+00,3.092635286275157380e+00
2.632175280374967064e-01,1.076660283426491560e+00,3.086891767748523030e+00
2.632477275941625394e-01,3.936946188828528648e+00,3.089306695081136311e+00
2.643232793444184603e-01,-2.051992261952413799e+00,3.086368127281905682e+00
2.648911484403383421e-01,-1.321776209317135908e+00,3.081383404349800514e+00
2.649661886348993467e-01,-2.281249849442325228e+00,3.079129507012033695e+00
2.667826856488585419e-01,2.591480903388102774e+00,3.077759707563652025e+00
2.672421682711180191e-01,-2.958523209067802640e+00,3.077425711769545380e+00
2.677467661920460151e-01,-9.421607464491678741e+00,3.095146889849775373e+00
2.701126851418321206e-01,1.667349292423701002e+00,3.091169737767808900e+00
2.721716634761613407e-01,1.063163865218873028e+01,3.112115484752310479e+00
2.723700000308373337e-01,-4.954275328499669229e+00,3.117218420607566820e+00
2.724525355372521274e-01,-1.407027192783333547e+01,3.147475474494930925e+00
2.736824712386053959e-01,-4.078994586878899042e+00,3.150041642848605772e+00
2.751918656163112598e-01,-1.185643500773484504e+01,3.173960305938952953e+00
2.752717301093156044e-01,2.774470970473846165e+00,3.172865814608910817e+00
2.758836842092723396e-01,7.116787948893946947e+00,3.183641558145208883e+00
2.759083691181292153e-01,-2.888742040558362589e+00,3.182838017225353422e+00
2.765296619217930685e-01,5.754871273350111949e+00,3.189827238030040757e+00
2.768134787440231226e-01,-4.593579497535923650e+00,3.193631444695368859e+00
2.772953958642580541e-01,2.123554079999969701e+00,3.190739343709704912e+00
2.776367098903319008e-01,2.522905859779434934e+00,3.188939253456523737e+00
2.784482656874480155e-01,7.502965401884502228e+00,3.200536097941545144e+00
2.790133334844375756e-01,-2.528683807902581293e+00,3.198734885367714664e+00
2.790483858560229291e-01,-3.257302472128365878e+00,3.198891483193277541e+00
2.795685816878480390e-01,-6.246495949660765490e+00,3.207018428437191204e+00
2.796034836675568291e-01,9.091359552298925450e-01,3.200907038880788757e+00
2.801827259795777181e-01,-1.492955060656882438e+00,3.196376662280725256e+00
2.805826549036714579e-01,-3.078392268070320625e+00,3.196064534253713507e+00
2.813899335849132100e-01,-1.304536247880538014e+00,3.191073694447979836e+00
2.825681511212406183e-01,7.766861813906622558e+00,3.203115242130765594e+00
2.826133776028555422e-01,4.175716933705068357e+00,3.205668002476104839e+00
2.829800745652487071e-01,4.720367351561925773e+00,3.209633184018214180e+00
2.834454179976518828e-01,3.927461609368144480e+00,3.211507409671869429e+00
2.841580010479721752e-01,2.415042986193657981e+00,3.209433283569061768e+00
2.843877793943330734e-01,-8.644502316063189085e+00,3.223550345991124999e+00
2.845697655706984075e-01,6.624349511132194834e-01,3.216915332014756768e+00
2.847442014136479793e-01,-2.212322010317230081e+00,3.214319483638277131e+00
2.855457712377644230e-01,-1.021202891284879399e+00,3.208667121286850943e+00
2.857646616363440084e-01,9.919714805896163057e+00,3.225919171889960246e+00
2.861568910831069901e-01,-9.694748378168789316e-01,3.220133417187208469e+00
2.862218631831576210e-01,1.882646582995214146e+00,3.216712734746819624e+00
2.870034049852207558e-01,5.232294575358771738e+00,3.221854525156544025e+00
2.875902099775714538e-01,-2.448447388447295126e+01,3.275957882304932234e+00
2.881871853245099868e-01,2.314993135640875721e+00,3.273518885485987351e+00
2.884104372813240391e-01,-5.797521802590935636e+00,3.279908766288784250e+00
2.898851395724686975e-01,1.079723401141983175e+00,3.274352742639423663e+00
2.906038431372743869e-01,4.726592321633248162e+00,3.278010776843438556e+00
2.906454212678429294e-01,-3.108448570004391343e+00,3.277584741147862690e+00
2.913486165396279026e-01,4.934865805516761128e+00,3.281738327775354236e+00
2.933259510727960762e-01,3.818380736566794553e+00,3.283079933797332650e+00
2.934369447811583376e-01,2.400142158398864467e+00,3.280878093958433883e+00
2.953247060371129717e-01,-1.380279017400866337e+00,3.276150235559037061e+00
2.953987079538235583e-01,1.448978951217625877e+00,3.271616311776551989e+00
2.959227552057775434e-01,2.946974786308267369e+00,3.270812743644204712e+00
2.962904182355852734e-01,-1.034379825658167462e+01,3.288276905404544426e+00
2.971133726293416766e-01,-1.686827281139990475e+00,3.284332448201922272e+00
2.980581104077855148e-01,1.442526751093211601e-01,3.276617264484249947e+00
2.981273076759793361e-01,1.303608190873156047e+00,3.271781457931281611e+00
2.984931672066649111e-01,-6.156464532696581671e-01,3.265287240315972284e+00
2.984971959322171298e-01,3.731732113438255283e-01,3.258233303659942681e+00
2.988332887548526551e-01,-3.999520546603768878e+00,3.260036922255912906e+00
2.990013079591536393e-01,8.667191417606247228e+00,3.273161083652394332e+00
3.001205072165991639e-01,3.281076575226080649e-01,3.266030203685978517e+00
3.001439751558508395e-01,-2.540732691738526228e+00,3.264278277328617417e+00
3.012442089611922502e-01,5.038522288890586509e+00,3.268553564103465980e+00
3.020241538107134027e-01,-1.956923055385843213e+00,3.265400606149817531e+00
3.022480131214964061e-01,6.106254399076828321e+00,3.272213205173623685e+00
3.033228242033912392e-01,-3.453558150056750264e-01,3.265211154000972726e+00
3.033506923131932265e-01,3.196967821449206326e+00,3.265048282085574627e+00
3.036031836886552981e-01,-4.125908610549128497e+00,3.267097949534297552e+00
3.041662448700864774e-01,-9.652796009771119401e+00,3.282265878418470173e+00
3.045409741597528974e-01,3.110027728221705701e+00,3.281857731143122958e+00
3.048613341386234854e-01,1.195778545546410498e+00,3.276926101862752461e+00
3.062626686819391875e-01,-1.749587691343776896e-01,3.269610141172355267e+00
3.072878252084844108e-01,2.461550144408874985e-01,3.262496129109457854e+00
3.082651259982476799e-01,-1.414870855050793352e+00,3.258158980578803376e+00
3.087873701660975301e-01,2.254896632268660994e+00,3.255809420044119218e+00
3.098040980941594857e-01,-4.401982909020148327e+00,3.258487395485652360e+00
3.102272830374034340e-01,2.319865033015766187e+00,3.256299464570803881e+00
3.105667206315771978e-01,-5.409904952684588153e+00,3.261307849426882566e+00
3.106256272810911656e-01,4.722585552247586804e-01,3.254836737375369271e+00
3.114594438575524205e-01,9.919928433427500636e-01,3.249598672805849020e+00
3.121409775653272711e-01,4.121837908513654725e-01,3.243045751600411641e+00
3.135137012448432903e-01,5.766336955018402932e-02,3.235706160858360381e+00
3.137619904661114179e-01,1.741282372795073030e+00,3.232270703874306594e+00
3.140044442391662916e-01,-4.457726405626665667e+00,3.235081382089335378e+00
3.145692929070676991e-01,-7.601260148701634023e-01,3.229417868663204239e+00
3.151049324714066402e-01,2.396136995094138911e+00,3.227515400915329735e+00
3.152919926349543878e-01,-2.338967888144445340e+00,3.225491374690339086e+00
3.155404217665679911e-01,-1.304106111138715107e+00,3.221124590000449039e+00
3.162740488884326906e-01,1.937541170504246679e+00,3.218213970001591040e+00
3.167154475534560421e-01,2.461519799550096366e+00,3.216501992240389463e+00
3.175542080175458581e-01,-1.517651554039893824e-01,3.209583850396514393e+00
3.196952754660034590e-01,4.223505030737250365e+00,3.211867456658543674e+00
3.202054414978564578e-01,5.011783527145929895e+00,3.215912211873121596e+00
3.216129002271394532e-01,-3.621359335748142172e+00,3.216821286141899883e+00
3.216232536222295435e-01,7.199424319965181951e+00,3.225730912615777601e+00
3.238509705145522499e-01,-2.019547590127792347e+01,3.263609807679755281e+00
3.247163768861547339e-01,1.275950762837798180e+00,3.259182950118859612e+00
3.248555194725210038e-01,-3.586800122589821171e+00,3.259910988279906441e+00
3.254035038073121444e-01,3.432263323973735680e+00,3.260293144234881257e+00
3.261445035772102541e-01,-3.696843315985930190e+00,3.261258963198932381e+00
3.263678591259201456e-01,-5.541940640591032974e+00,3.266293580588319312e+00
3.264962101215632684e-01,-6.374209806062808070e+00,3.273139211040906105e+00
3.265917410244423280e-01,1.869741249280910012e+00,3.270054819916158984e+00
3.278181112681218257e-01,1.874000151395247116e+00,3.266993296520279699e+00
3.285567041523748122e-01,-8.993503782866856255e+00,3.279523954039637257e+00
3.286034322268046037e-01,-4.589942846662466991e-01,3.273365592316115347e+00
3.291542431958592863e-01,-1.397228549952185261e+00,3.269278147779374422e+00
3.313871042746538431e-01,-1.394015269795588097e+00,3.265201489348974917e+00
3.320504421969137643e-01,7.788667860949132660e+00,3.275013780827500387e+00
3.336187552595173411e-01,1.465519456343258753e+00,3.271097126445499104e+00
3.336589432685517220e-01,-1.832690124020452060e+01,3.303615061896383320e+00
3.337863307385727785e-01,4.755088244015784227e+00,3.306743236857846657e+00
3.339262427047141046e-01,-7.804480560792271149e+00,3.316415790242652317e+00
3.354435076403177729e-01,-3.566541588832386367e+00,3.316952540883403078e+00
3.356338165457821154e-01,-5.361125130717876885e+00,3.321329784116453521e+00
3.361351480719453888e-01,-3.262447174769175007e+00,3.321203966575112521e+00
3.363223399722720663e-01,4.425790477981763615e-01,3.315066173571323827e+00
3.364450609533333747e-01,-6.675217529159500174e+00,3.322215431774702576e+00
3.365401625459911172e-01,1.128903710994336507e+00,3.317558718991730160e+00
3.371105679032743163e-01,-2.683002707505238504e+00,3.316214320662309589e+00
3.372289500630824555e-01,6.082135400151642557e+00,3.322061933938185163e+00
3.391039370237611816e-01,3.725784425722029169e+00,3.322913669152919525e+00
3.392431321179535386e-01,-2.772583515141356258e+00,3.321755079355000362e+00
3.392478374302666522e-01,3.127413655646904544e-02,3.314842304265087414e+00
3.402833530616398150e-01,-6.066617911042090583e+00,3.320611225872586836e+00
3.415249970896327425e-01,-1.037520242274683469e+01,3.335369784861862641e+00
3.415660198352575283e-01,-1.017319339175219994e+00,3.330530431113039036e+00
3.426701775248602311e-01,-3.132197071418275414e+00,3.330117236613674869e+00
3.427482225361372370e-01,-5.909545182197668112e+00,3.335479872675179980e+00
3.437992982887469462e-01,-6.561937524973199487e+00,3.342173768219367069e+00
3.442985443314713345e-01,1.119341594250371941e+00,3.337571631213220424e+00
3.444303428377327725e-01,-1.127037554576091338e-01,3.330908681056699905e+00
3.450920668993184282e-01,2.959235691468837359e+00,3.330142344995694614e+00
3.451639503565099854e-01,-8.683254144807150965e-01,3.325076878060478247e+00
3.463791639402240552e-01,-3.285698066756491897e+00,3.324996018078334892e+00
3.472935399477427021e-01,3.564805741940801909e-01,3.318912994627752244e+00
3.481552504750071164e-01,-1.392700707466225651e+00,3.314973910195929019e+00
3.493267982095665247e-01,-3.447522763725054062e+00,3.315244418060274256e+00
3.495809308523736281e-01,7.090644545585409020e+00,3.322933624022646804e+00
3.505506200683628504e-01,2.989510256621997542e+00,3.322255934251507448e+00
3.514928836881522356e-01,1.563196021758116672e+00,3.318687861406693251e+00
3.519597067817822889e-01,1.343761330005825982e+00,3.314690034420052278e+00
3.533944528482623193e-01,1.621486003050680580e+00,3.311269420215265491e+00
3.548350172367227273e-01,2.546489832353948657e+00,3.309727525884899269e+00
3.565561949663821339e-01,4.573040453668514971e+00,3.312269403003177182e+00
3.569084679237732316e-01,2.071009808864559432e+00,3.309776913858319958e+00
3.569791838856027910e-01,7.427833741807212675e-01,3.304632638227703811e+00
3.575862555256538733e-01,5.756075105354277355e+00,3.309535523161956760e+00
3.586583351243020634e-01,-2.969045418978431883e+00,3.308855902195522614e+00
3.587794576662212132e-01,-1.997073109219371645e-01,3.302662379105336665e+00
3.590987498530701649e-01,-2.449403312312909975e-01,3.296583408831232909e+00
3.594462766101578222e-01,-1.025570971186748892e+00,3.292077431772414187e+00
3.600063758470767872e-01,1.535911156069428074e+00,3.288599874790824273e+00
3.604547305592148421e-01,1.044968420485808736e+00,3.284165820533304636e+00
3.618584602771734438e-01,-7.250649779904918546e+00,3.291989260295379083e+00
3.618739431727580613e-01,5.559597528499864438e-01,3.286603375438202690e+00
3.619429302308385110e-01,-1.519474659314852261e+00,3.283131609787665717e+00
3.621244184594525906e-01,5.190404371380061832e+00,3.286871360300591682e+00
3.628091406580332690e-01,-1.172022285916924034e+00,3.282732712405516118e+00
3.635920907838959271e-01,-6.935268490302458844e+00,3.289866571346721003e+00
3.636178989910684445e-01,-5.568644278004661885e-01,3.284539081788151460e+00
3.642892029607419091e-01,-1.695816074264776319e+00,3.281448180995304220e+00
3.645235958634838180e-01,1.068169790440043698e+01,3.295817597933954790e+00
3.647415435287209573e-01,-1.969118565021730660e+00,3.293246475777148241e+00
3.650545355041458495e-01,8.442340910895126171e+00,3.303206039481438427e+00
3.652633855442876110e-01,-1.937145534805502223e-01,3.297203160164834390e+00
3.652704742647409075e-01,9.333693551623632345e+00,3.308834162845872395e+00
3.655013010872620871e-01,5.606271161750385090e+00,3.313252310920688615e+00
3.658898256540148441e-01,6.725161641187597183e+00,3.319801081228302753e+00
3.666931986559614498e-01,2.428253966247055473e+00,3.318093136563588175e+00
3.669914172420893905e-01,-6.911893305243843599e+00,3.324964647402364637e+00
3.688586972058933711e-01,1.086789066101746570e+01,3.339359544374912669e+00
3.692128701691089199e-01,4.832558502952316815e+00,3.342203732867440991e+00
3.696197365812461944e-01,1.242471393002126945e+00,3.338211846289750095e+00
3.703679706065909349e-01,1.705563315071358943e+00,3.335113841486679220e+00
3.713980898414800946e-01,-2.399018950656618188e+00,3.333340934496470620e+00
3.717255840414576129e-01,3.850985983673943736e+00,3.334319469561078275e+00
3.721661746863667575e-01,-3.723025757750392017e+00,3.335052877652001868e+00
3.726530151162371074e-01,-4.396236205443784684e+00,3.337051339662909122e+00
3.731237707249446811e-01,-5.381458339646734146e+00,3.340894209963630068e+00
3.746395003328023554e-01,4.655951054197984718e+00,3.343361483592588446e+00
3.757563263038853907e-01,4.151260009514043503e+00,3.344874402180455952e+00
3.769679089348187961e-01,-8.201873199085273569e+00,3.353952904604576624e+00
3.783070809958092307e-01,-7.355803252174519358e+00,3.361419043312730004e+00
3.792779953039229213e-01,-1.578350329349191838e+00,3.358098617402183184e+00
3.818092286090523091e-01,-1.609910819127584602e+00,3.354849197702788111e+00
3.822526778216664423e-01,1.018531341358058384e+01,3.367521673056921294e+00
3.827446102399983396e-01,6.659084924775097392e+00,3.373617160560103301e+00
3.874196447491505824e-01,-6.525561023995152254e-01,3.368587472837070607e+00
3.880325633217923120e-01,2.983674046800430801e+00,3.367877300464309442e+00
3.897151189177414099e-01,7.341384043271048654e-02,3.361810148604214454e+00
3.904328037974552634e-01,-7.720887825861964870e+00,3.369823159040350014e+00
3.905776912903563547e-01,9.745297999045732240e-02,3.363818810087964906e+00
3.910509476791270145e-01,-6.721411664194604896e+00,3.369968247549698592e+00
3.913051787641437795e-01,8.808201928503105904e+00,3.379910173840290355e+00
3.915534183551312442e-01,2.600428982006793177e+00,3.378487762906287273e+00
3.925127603671306753e-01,-3.909969628077554660e+00,3.379455853735378490e+00
3.940462301621909247e-01,-5.698774633381454180e+00,3.383672796971098684e+00
3.943217559608844236e-01,-1.471802873937804179e-01,3.377798944866603037e+00
3.962691184365290109e-01,-1.841640903209505353e+00,3.375016049863600820e+00
3.967289372369970368e-01,5.781226470685741248e+00,3.379367244114635405e+00
3.983875731900169415e-01,4.889566732229155832e-01,3.374149896513748192e+00
3.988106690162703805e-01,8.349295733787627682e+00,3.383114123247574767e+00
3.999269967811601156e-01,6.990754380678545488e+00,3.389602684861659387e+00
4.005721491281927227e-01,-1.874897283009605786e+01,3.417177855678956266e+00
4.006717303554471199e-01,-1.254572148705243251e+00,3.413302218211260897e+00
4.020017233619974650e-01,-1.036920695236024414e+01,3.425745697163227188e+00
4.022149674868112368e-01,-5.311538547731380788e+00,3.429113184396384462e+00
4.023480053257134093e-01,8.825023398625269522e+00,3.438731562674867792e+00
4.037078263538073086e-01,3.257832307860912380e+00,3.438409677879825210e+00
4.048663941950471634e-01,3.770004523597307866e+00,3.438998656291401002e+00
4.052009770422982937e-01,2.588955973368609165e+00,3.437491488413878749e+00
4.052045729028556087e-01,3.778639365453528853e-01,3.432076218410571755e+00
4.061590416409844861e-01,7.238677487418243572e-01,3.427291397792782135e+00
4.067382672278239131e-01,-5.796269050129936318e+00,3.431469488890378283e+00
4.091596421298295261e-01,-4.067718761575122244e+00,3.432589646060598021e+00
4.096939814870358965e-01,-4.248374235476148897e-01,3.427303614035091872e+00
4.125014385204789913e-01,1.666940360723568659e+00,3.424215257450334615e+00
4.140505355430647572e-01,-4.649683094750198364e+00,3.426361435799371691e+00
4.143491764656758169e-01,3.089499865563290371e+00,3.425772516970287285e+00
4.152325307544526556e-01,-6.799865360499730116e+00,3.431660986156202853e+00
4.157020158554180500e-01,-2.633515059375142187e+00,3.430270488025922049e+00
4.168799593512624857e-01,8.529025036785427005e-01,3.425788108922709352e+00
4.171834731988852685e-01,5.709302586121566492e+00,3.429752543778957552e+00
4.173168406983880363e-01,8.952507878924262030e+00,3.439324043493247274e+00
4.173412322352857973e-01,4.802823935724894966e+00,3.441683039846589409e+00
4.177550879890114532e-01,2.883800687393950568e+00,3.440719512467569352e+00
4.190609536412648328e-01,-5.372518957296477993e+00,3.444050201165550273e+00
4.192270028919413138e-01,-1.336340623778146508e+01,3.461123103121859668e+00
4.200697261584233067e-01,-3.795229465790121992e-01,3.455828257492061351e+00
4.202897393141099558e-01,-3.439712325835984075e-01,3.450490595356712209e+00
4.210190597476967667e-01,-1.099043278665604362e+00,3.446464144471967028e+00
4.217560302338044798e-01,3.955865266955470361e+00,3.447334915621511175e+00
4.228496698945655718e-01,2.323276619894976136e+00,3.445416727403547874e+00
4.236619566861713482e-01,-2.049330474466778185e+00,3.443038386257148087e+00
4.242653985867793631e-01,6.187586996197090627e+00,3.447705985933916750e+00
4.262932503816004304e-01,-1.119675020754307226e+01,3.460862257957022514e+00
4.284039938112590984e-01,-4.306486755322289639e+00,3.462295519816963374e+00
4.285474166085754821e-01,-5.271428270358292423e+00,3.465356658142752622e+00
4.288224461318735359e-01,2.390994805057893302e-01,3.459906899396743452e+00
4.309000595675991363e-01,6.745182999849035355e+00,3.465446994001216474e+00
4.325827683743929675e-01,4.238360510284309157e+00,3.466748195207080663e+00
4.348030680126429015e-01,1.084822323049156267e+00,3.462744958447151244e+00
4.359710391026912490e-01,1.918124299186807491e-01,3.457256816620760898e+00
4.364505955383906621e-01,2.088533733797284242e+00,3.454964148140319491e+00
4.364872248107228292e-01,-9.489955515545744902e-01,3.450773565202885251e+00
4.367389891883710074e-01,-2.839787421394550648e+00,3.449753554946109801e+00
4.367872230340755224e-01,-1.116705747013153172e+00,3.445865141932889397e+00
4.370516753794692066e-01,-4.061465806884598351e+00,3.446889435884555652e+00
4.379339920354816118e-01,6.880159350953825026e-01,3.442306589537729611e+00
4.416565944640202246e-01,2.565028978233765855e+00,3.440851734460940392e+00
4.424554578472054134e-01,2.355436126072540048e+00,3.439054688751687738e+00
4.425465830950748303e-01,5.022420437614954380e+00,3.441671822220883747e+00
4.435521148978991968e-01,5.546754851534672071e-01,3.436907801862685741e+00
4.446122482034329249e-01,2.918846730607363327e+00,3.436054323985824333e+00
4.447095538782733781e-01,7.965277058961085288e+00,3.443503703484138700e+00
4.456533898087109979e-01,1.345118509961609732e+01,3.459936677862024190e+00
4.469695971975569670e-01,-1.221848840536267744e+00,3.456267681407391823e+00
4.472275158596508704e-01,3.224675036430518560e+00,3.455888642708575098e+00
4.505089446519791041e-01,-5.252639489158781316e-01,3.451100040267736979e+00
4.505212775544331083e-01,2.723408272969116695e+00,3.449912941136744404e+00
4.512232886198928594e-01,1.543893643808274874e+00,3.446808675180183190e+00
4.538077926294216691e-01,-5.662745551145427214e+00,3.450411824571996355e+00
4.552165640591300244e-01,-1.139290265313707806e+00,3.446660003858915466e+00
4.558577889217444445e-01,-2.100898092697413233e+00,3.444478866239528703e+00
4.571324124511926268e-01,1.545232743455788693e+01,3.463909041916419351e+00
4.600624767359096645e-01,7.804100849543900154e-01,3.459573825507756606e+00
4.633585750615725751e-01,2.712226311828956682e+00,3.458368426292145692e+00
4.648469796808979981e-01,2.145070516799275850e+01,3.487341593348024293e+00
4.652926362891413592e-01,1.716425900154455775e+01,3.509330206544481356e+00
4.656866986707341449e-01,1.764755834351752384e+01,3.532023991676059627e+00
4.664770752899099482e-01,-4.401396162439148441e+00,3.533417216308692765e+00
4.686365140496557280e-01,5.141032175868431864e-01,3.528586313910737182e+00
4.690429146411461692e-01,2.374273786024012622e+00,3.526742364185678991e+00
4.701544616008576094e-01,5.900520516483332756e+00,3.530528294253139965e+00
4.702056412837828381e-01,2.258701662555147038e+00,3.528503092610308034e+00
4.708143792786448900e-01,4.435533645749966780e+00,3.529945112567605126e+00
4.720558683476908102e-01,-2.126338051002643681e+01,3.558093422722301558e+00
4.721440588769798552e-01,-9.770031720842311529e-01,3.554002946889277315e+00
4.733101358342261533e-01,-2.586170809064103793e+00,3.552471566924364499e+00
4.768554156366517360e-01,-3.488482747522851923e-01,3.547410550665009321e+00
4.774099436411037845e-01,3.839745744126632587e+01,3.602379078883622743e+00
4.783421360288989677e-01,-8.296122364870036847e+00,3.609770800593837148e+00
4.784617215397781176e-01,1.123244433583288071e-01,3.604271671101328511e+00
4.787410842066188721e-01,1.933323882515598058e+00,3.601648519156924078e+00
4.790272897784986217e-01,1.312456111772114298e+00,3.598060443283280119e+00
4.857030134155662648e-01,4.214613122218452190e+00,3.599025314455323254e+00
4.864834228258854698e-01,3.402790971671514342e+00,3.598718698294723684e+00
4.881655705808088941e-01,-4.774002048050927982e+00,3.600552213660957346e+00
4.899918004124039772e-01,-4.065908011997727556e+00,3.601277066929394532e+00
4.917565807376906295e-01,1.937446498267323847e+00,3.598689461068333983e+00
4.973845113190237255e-01,-6.245516188114628164e+00,3.602799440458157587e+00
4.997101042703461782e-01,1.780925779209550086e+00,3.599974830130639791e+00
5.020453295673040772e-01,-1.239275532134877267e+01,3.613585945442123304e+00
5.035589556383309739e-01,2.235755006809370116e+00,3.611456376757992359e+00
5.038920400337842942e-01,1.412151383215004330e+00,3.608062387570426299e+00
5.055978160217791118e-01,-5.110404535102528456e+00,3.610377244500368121e+00
5.068380441700982564e-01,1.118125582928062300e+01,3.622024750015414352e+00
5.075625383155791814e-01,9.737336658676909451e-01,3.617956714555894848e+00
5.090210935606115372e-01,-3.976595560092135884e+00,3.618506774134937043e+00
5.102207605651952749e-01,1.139756955593446008e+01,3.630419580845197114e+00
5.119027276757595057e-01,2.999577398205879319e+00,3.629454990351864918e+00
5.131089686423994101e-01,3.548939180914807423e+00,3.629332065451960965e+00
5.158409707086141216e-01,2.026788073557220571e+00,3.626889163025292184e+00
5.165865179826821807e-01,2.453089608253154807e+00,3.625102557919094082e+00
5.177927101898502915e-01,-1.308039075048504429e+01,3.639472296813571539e+00
5.182734108232717185e-01,-6.531345977146905568e+00,3.643860572504517226e+00
5.189376370487752688e-01,6.908811139635691490e+00,3.648807467303200713e+00
5.220942909687131817e-01,-3.258657527224581685e+00,3.648217225336364944e+00
5.224502114832377808e-01,-6.864062858601087669e+00,3.653074998196280898e+00
5.233143900209146215e-01,2.314092648028524124e+01,3.682468439345736311e+00
5.258999467379114057e-01,2.688420282055510313e+00,3.680971378867889499e+00
5.342718613686402440e-01,-4.633971012575507586e+00,3.682404461023841336e+00
5.369730939521732971e-01,3.915786504405406987e+00,3.682754884512402072e+00
5.371838860141268102e-01,5.322103131895872252e-01,3.678031429382982331e+00
5.408680895623917406e-01,1.313614516411284683e+00,3.674491883106079104e+00
5.413524522399011385e-01,1.456467707126495981e+01,3.690770186825299781e+00
5.422317867278407810e-01,-8.934436063977674536e+00,3.698596553806124732e+00
5.446746810329596844e-01,8.580119761789930521e+00,3.705871551135459629e+00
5.463012559317754757e-01,-1.703093336709588712e+01,3.725700512171114642e+00
5.467111029158066016e-01,1.292454883353300943e+00,3.722084991177328384e+00
5.477410671876798975e-01,-6.118083473480162127e+00,3.725639885067986157e+00
5.488182187171616322e-01,-1.762120655016566673e+00,3.722730967690131898e+00
5.500626213855736024e-01,-2.425063435598211470e+00,3.720811341163368535e+00
5.503383581575796990e-01,3.149956322489384064e+00,3.719968128432683319e+00
5.520848285426841473e-01,8.621321329927582156e+00,3.727197262948162226e+00
5.533868045900106614e-01,8.291157004946953180e+00,3.733918853142564664e+00
5.568538532277916842e-01,4.777506692206738848e+00,3.735453541141188438e+00
5.578281976448576929e-01,-2.662908765227427921e+00,3.733878585523106253e+00
5.646614777137278773e-01,1.143862483636020499e+00,3.730080907954356650e+00
5.662179778488648507e-01,9.746237004724591202e+00,3.738889335621663257e+00
5.675414898109543138e-01,-1.020871883501968114e-01,3.733572373418049928e+00
5.677939374559570762e-01,6.437363875293460325e+00,3.737519514296700152e+00
5.680107223825405782e-01,-5.750208944288388579e+00,3.740453463903102183e+00
5.680434805050842417e-01,3.058025684123343524e+00,3.739460119245489267e+00
5.717889777588029965e-01,5.914555719895577823e+00,3.742621595409225232e+00
5.739785548047687813e-01,-2.528102426454807983e+00,3.740858868023224204e+00
5.775788391977945135e-01,-4.005336142329717575e+00,3.741242168420769953e+00
5.802157885280102567e-01,-8.485135353701593885e-01,3.737055875174676078e+00
5.805938117150686306e-01,-8.662940546497171823e+00,3.744174205624564156e+00
5.879346253313568749e-01,3.300544605007118548e-01,3.739247625905770978e+00
5.892031990398538532e-01,1.553910974937389256e+01,3.756250309080797045e+00
5.895262028466085047e-01,2.745201289382478649e+00,3.754795562289864552e+00
5.914155397102601741e-01,-3.870942349574889363e+00,3.754962439857802536e+00
5.921729303768213937e-01,3.246979742349807907e+00,3.754233626805423718e+00
5.943668338048699873e-01,1.323081781175901028e-01,3.749044621864610516e+00
5.958455398278863502e-01,2.093049872977978509e+00,3.746675530664486331e+00
5.964436478364248950e-01,-2.453427332477353673e+00,3.744828033238504883e+00
5.968799334467924655e-01,-2.450396343635645735e+00,3.742981483039356405e+00
5.997776744029919005e-01,3.903457564771682087e+01,3.793254409199865673e+00
6.009625016409161358e-01,2.419251869385607989e+00,3.791299924790457077e+00
6.011115256684045338e-01,-7.375787689877675746e+00,3.796391526729501198e+00
6.018752020608162390e-01,4.420818236325150252e+00,3.797277238374318298e+00
6.031723457596359639e-01,3.122305571141396285e+00,3.796321187854158730e+00
6.082671870424027905e-01,-2.347023167247876430e+01,3.824148501128026734e+00
6.084314527515953808e-01,4.993301103653955408e+00,3.825799846611820154e+00
6.088779736807680143e-01,3.080441727769951399e+00,3.824748565767191355e+00
6.105821628834425807e-01,2.937857742789816484e+00,3.823499423762998006e+00
6.110937072086084498e-01,1.721593489255333509e+00,3.820543156625856529e+00
6.124385348815361008e-01,7.730468073368854220e+00,3.826034624205550738e+00
6.152250038702228307e-01,-8.234345345127920268e-01,3.821823403883401582e+00
6.179309637684637924e-01,-2.757095234762736879e+00,3.820332187960263415e+00
6.248384359718437420e-01,2.053540291508988247e+01,3.843709909256947554e+00
6.266174633449241860e-01,5.557680694294255375e+00,3.846103723202530578e+00
6.326429970717363238e-01,4.173925369341063174e+00,3.846560936098121886e+00
6.349494067781934481e-01,-1.299760154582259020e+00,3.843013859800745724e+00
6.350726460052662503e-01,-6.029615178069587245e+00,3.846055029923511448e+00
6.363341757657743347e-01,5.906737607220065911e+00,3.848917089058645935e+00
6.387128328029384461e-01,-4.772275263329468942e+00,3.850197752268452955e+00
6.427586645138908539e-01,7.555936636723046718e+00,3.855330354601492537e+00
6.441115199879671183e-01,2.347191191177956426e+01,3.882462555925390024e+00
6.447303745027131994e-01,5.997975105199142121e+00,3.885384534584607863e+00
6.456315779959151957e-01,3.066433152246354155e+00,3.884254946471037861e+00
6.460578388003398453e-01,4.076547561627059224e+00,3.884519812332134059e+00
6.500203773588960621e-01,7.051945180396607782e+00,3.888876656029609524e+00
6.536647921201956812e-01,6.167540628531991587e+00,3.892006688958871141e+00
6.552160430795336277e-01,7.171915941939921879e+00,3.896505878606307594e+00
6.612346189391431484e-01,3.422230370507705288e+00,3.895856186129459608e+00
6.613304470847232164e-01,7.376845143756256107e+00,3.900618140927854860e+00
6.619824755890256762e-01,-9.263916629716035800e-01,3.896554990001685148e+00
6.691767753512807282e-01,-8.104885442404565765e+00,3.902296232092275385e+00
6.757515648923158036e-01,4.263227976235324235e+00,3.902787964713724023e+00
6.758782078724443476e-01,-5.417313409878744324e+00,3.904848543550683004e+00
6.767863443520018008e-01,8.949045207254130219e+00,3.911702071626367960e+00
6.804826610715059010e-01,-4.412825352649996091e+00,3.912382021804146959e+00
6.823638713326229954e-01,7.165242881187602109e+00,3.916789692345317153e+00
6.838468360757326003e-01,9.240180100878063740e-01,3.912739933641315115e+00
6.884708816662302722e-01,4.606386364844141212e+00,3.913677293683480940e+00
6.888264603629845606e-01,1.514086626574977146e+01,3.928828695805028914e+00
6.901225797376431270e-01,2.887596807656720443e+00,3.927425418327739504e+00
6.917763093910770378e-01,-9.354033517224632277e+00,3.934729063144559280e+00
6.937950667474889199e-01,8.118296675190705969e-01,3.930531617720331550e+00
6.965597084448487131e-01,1.491837690385115422e+01,3.945280403339298747e+00
7.002392076329162496e-01,-1.522686348579913584e+00,3.942032958225679895e+00
7.061451101716017531e-01,-9.354162567964650066e-01,3.938008036269282641e+00
7.105838739734481324e-01,1.929809062924483953e+01,3.958542906045987131e+00
7.105864913046203712e-01,2.082770805301706218e+00,3.956038537420160761e+00
7.139011918597860662e-01,-9.176083343187784180e+00,3.962998597161184744e+00
7.149613939467235335e-01,-2.231538465824307593e+00,3.960693057705343190e+00
7.178165527513749034e-01,7.258907797250653715e+00,3.965078981561121374e+00
7.180528045845124829e-01,1.032183262401497004e+01,3.973520885468762476e+00
7.262088981274891220e-01,2.561941102010272431e+01,4.002228962570399062e+00
7.328871561743499630e-01,5.393225477154221181e+00,4.004071342059914329e+00
7.353555587406739313e-01,-8.454441766084382692e+00,4.009958075425026358e+00
7.379268856422651623e-01,-4.450256512235974071e+00,4.010539711404961238e+00
7.380267553881991738e-01,5.598611833883566646e+00,4.012634793360737362e+00
7.384408747797356343e-01,4.508031479961616128e-01,4.007941998044051601e+00
7.405129792698523783e-01,-1.357142454996697722e+00,4.004454103908463125e+00
7.421115299321833225e-01,7.644383301543506093e+00,4.009237190896157266e+00
7.436341926570463334e-01,3.388336023070113612e+00,4.008422359967251936e+00
7.461737946596662674e-01,3.106211200300968756e+00,4.007239907595474548e+00
7.490762259020152802e-01,-1.568565933307084492e-01,4.002200138859524969e+00
7.525376286314869878e-01,2.964296580910527723e+00,4.000843402182467479e+00
7.537030751962715547e-01,6.539331472669069001e+00,4.004157355277097707e+00
7.553984114149688844e-01,-7.970588582808055378e+00,4.009328712809733020e+00
7.566351245923500501e-01,-1.061508418526373276e+01,4.017929956914490397e+00
7.584362629206610196e-01,-2.583262077070749285e+00,4.016064328982314358e+00
7.595743678153479284e-01,-2.632714083352212242e+00,4.014267770221755072e+00
7.617221081377963943e-01,1.529020227629185058e+01,4.028892847402131494e+00
7.682431775637510452e-01,1.971288209664715652e+01,4.049208895652449236e+00
7.691502482257643880e-01,-9.356076345209274336e-02,4.044091627693586766e+00
7.736088363615907237e-01,-1.482334855988650446e+00,4.040781864422649861e+00
7.767942588981334717e-01,2.455679044735621375e+00,4.038736570461764153e+00
7.785021855744671537e-01,-1.618420744479180939e+00,4.035617606768487242e+00
7.859619355531105578e-01,-4.151277871925099561e+00,4.035766461678599093e+00
7.866921956424612894e-01,1.655278906115496085e+01,4.051855179672783969e+00
7.871587613183803622e-01,7.082463250507547770e+00,4.055745562305435037e+00
7.913777061526822143e-01,1.773531693335167603e+01,4.073283474319596920e+00
7.980633429243567667e-01,4.486482886368300171e+00,4.073812538867674249e+00
8.005318048843057532e-01,9.471503512299769056e+00,4.080714956992268050e+00
8.012216931137370324e-01,-1.964869440716732640e+00,4.078012727724994235e+00
8.044116345655302203e-01,1.379754345638580659e+01,4.090410088348285456e+00
8.046915951714592730e-01,-4.496385546487815077e+00,4.090927254536998348e+00
8.051786273014429618e-01,-1.049056663951269286e+01,4.099069289377935021e+00
8.057409740264670495e-01,3.484783007760440654e+01,4.138140141713673614e+00
8.074847995187908190e-01,-4.257005170548772810e+00,4.138290985658895416e+00
8.094025941918165934e-01,-7.442669444445638050e+00,4.142479044542021427e+00
8.189656214299154691e-01,-9.203522338853282747e+00,4.148885428458871871e+00
8.220190914710407970e-01,5.676202510219816588e+00,4.150816297083095741e+00
8.224239022992209103e-01,1.058494302916590613e+01,4.158940194472088514e+00
8.236912886938652090e-01,5.756931979726950033e+00,4.160955316521590674e+00
8.267214995224303475e-01,1.505314620832712080e+01,4.174673441070464008e+00
8.267615063340209014e-01,1.172798774016261092e+00,4.170897498093037115e+00
8.354644681234620895e-01,1.939102757990804449e+00,4.168093735856727378e+00
8.378234832663842280e-01,-6.194127249290904302e+00,4.170635810528540155e+00
8.399182157077971222e-01,-2.061066929503933665e+00,4.167992240502193191e+00
8.480356992726569842e-01,2.586178802508740660e-01,4.163099406509387812e+00
8.484017843762139410e-01,-1.463341176902460461e+00,4.159724708722379205e+00
8.493161240099783571e-01,9.531548606186234451e+00,4.166431105598114470e+00
8.508007579107873530e-01,1.345759838624622518e+01,4.178016102207401161e+00
8.559619767892506781e-01,-2.832489523760340688e+00,4.176340477576707677e+00
8.569835232668837621e-01,2.106662450869931291e+01,4.197348293535815067e+00
8.589047360369210793e-01,1.244074803708982913e+01,4.207588541664454063e+00
8.610816383127998241e-01,-5.418734727220265057e+00,4.209091204425688737e+00
8.629392113361759042e-01,1.342794666144024163e+01,4.220514817135744501e+00
8.629783533081040181e-01,-6.110410289165990605e+00,4.222853796680336558e+00
8.631820225357429432e-01,-1.990873814893348026e+00,4.220094859743641180e+00
8.636549818803639367e-01,5.546147534511895572e+00,4.221731961811255651e+00
8.638441496696298572e-01,2.671507650754899288e+01,4.249467281842991717e+00
8.691740153506377631e-01,1.104612956916394495e+00,4.245594308536432493e+00
8.731433073731386107e-01,3.932916433670985867e+01,4.288747531203312313e+00
8.799087651052808212e-01,-2.237271141888214743e+00,4.286227289938796758e+00
8.855389527367840685e-01,4.389654247997128778e+00,4.286354194181813071e+00
8.991824038153636289e-01,1.829876282506813112e+01,4.303526263582409861e+00
9.002630392953944183e-01,4.546218035200730867e-01,4.298815242211464493e+00
9.036543607606737361e-01,-1.534391517630935908e+01,4.312317809368062527e+00
9.063963509793527829e-01,3.858304311885472515e+00,4.311763458333286003e+00
9.128476488368461039e-01,6.286705486194257730e+00,4.314171924220921106e+00
9.133975101513108763e-01,2.822269114443379578e+00,4.312354746620704837e+00
9.204063095531490601e-01,9.480515474057916947e+00,4.318642046775737597e+00
9.282983474001080815e-01,-3.772109012241831039e+00,4.317977972614700732e+00
9.345719204281779380e-01,3.713940611093946131e+00,4.317244917564311280e+00
9.410629996064706626e-01,-2.055549404832873961e+00,4.314503468457969504e+00
9.478659334557498761e-01,-2.879445650682463054e+00,4.312766110325069846e+00
9.521991031262712069e-01,7.055209458162394753e-01,4.308404266111637071e+00
9.571331631075080670e-01,-2.908443403548480077e+00,4.306713492123034115e+00
9.620844333962504935e-01,1.598892296011013059e+01,4.320805421517469824e+00
9.686737047327386163e-01,-8.450178750925367410e+00,4.325780570107117917e+00
9.688103519571394928e-01,-4.280139597985471056e+00,4.325725647156309250e+00
9.708483359276809388e-01,2.805119817177567398e+01,4.354241840094553950e+00
9.845013957666501891e-01,4.484286125708212722e+00,4.354397955683526611e+00
1.003680966384768558e+00,3.949376572992338907e+00,4.353912318534016279e+00
1.014313919056595958e+00,3.661780491282506489e+00,4.353083418142098537e+00
1.014938883461929731e+00,5.178202687741567445e+00,4.354070402914346438e+00
1.015471585764469165e+00,2.141720127984879696e+01,4.374456461309728539e+00
1.016927725920877323e+00,-2.423609306917072104e+00,4.372128481411884593e+00
1.019883067841879987e+00,-1.077049073557965642e+00,4.368201092367959504e+00
1.028383647897203934e+00,5.505765017292933550e+00,4.369555335135727248e+00
1.029547399157899834e+00,5.033538068563970569e+00,4.370344850871076048e+00
1.031374622959379650e+00,6.565410352732889976e-01,4.365934157503382096e+00
1.031889721917932379e+00,1.918122657108007445e+01,4.383508644352228423e+00
1.046400306016095572e+00,4.894652598326580062e+00,4.384114265150776291e+00
1.046520903683976211e+00,6.417731498828977976e+00,4.386520912764596325e+00
1.073769554132628645e+00,-7.630091802874559903e+00,4.390354920908933423e+00
1.078823999511017373e+00,-3.360697488056036519e+00,4.389139268685967821e+00
1.080042943921757814e+00,-3.754843715493617395e+00,4.388391278646825100e+00
1.090614465976112335e+00,8.888958864488504474e+00,4.393692300538275752e+00
1.096951833656179875e+00,5.221949674701683364e+00,4.394666720978468888e+00
1.097578210604740478e+00,5.956428343197757158e-01,4.390202533097553150e+00
1.108737632760687042e+00,-3.511733781545395061e+00,4.389171466487750806e+00
1.111831427546410955e+00,1.124926026637584187e+01,4.397213774576716361e+00
1.112504835430261130e+00,8.263823720699129183e+00,4.401741420883651834e+00
1.122402359248148240e+00,-4.381537789286085172e+00,4.401717790905174787e+00
1.123205330123813850e+00,-1.560634002051574498e+01,4.414807302855654036e+00
1.124211603543024296e+00,-7.686060307893875176e+00,4.418624400877869007e+00
1.139584069985701609e+00,-1.363761600472329860e+00,4.415063954723549955e+00
1.140309947181422867e+00,6.862409489392241824e+00,4.417913018209777221e+00
1.141176851220549127e+00,-3.609503610529436912e+00,4.416973007270613927e+00
1.142239917911421543e+00,1.099712773248320374e+01,4.424615463397457482e+00
1.144566602615085138e+00,9.252127112497802841e+00,4.430215824939337743e+00
1.145857085370963535e+00,2.694315446145431991e+01,4.456302659975856173e+00
1.146253356153602576e+00,1.337995732773642743e+01,4.466630963989467240e+00
1.146693187378219569e+00,8.433543621565000592e-01,4.462442204912203003e+00
1.148837541665677309e+00,1.836124509971767793e+00,4.459409505495413484e+00
1.151159392941777604e+00,-2.593518369110441313e-01,4.454565148322881640e+00
1.153000785125463779e+00,-1.518519594680279639e+00,4.451182607362463628e+00
1.160262412692535383e+00,2.873770074048472623e+00,4.449367403066360360e+00
1.161286460406645737e+00,4.334975176521851381e+00,4.449235917748493918e+00
1.166199395037357256e+00,1.307697547166400653e+01,4.459141474067569888e+00
1.181088866357719702e+00,-9.320106691269742782e+00,4.464715975463443343e+00
1.181915559918673475e+00,4.762302177015683924e+00,4.465056853128452019e+00
1.182874439249065546e+00,9.046150440334780995e+00,4.470298378971937048e+00
1.195783309063759070e+00,-2.005605573130495145e+00,4.467481587193833370e+00
1.205255286970423390e+00,1.953398732571634611e+01,4.484680794657899483e+00
1.205433104507916520e+00,1.064516377593360374e+01,4.491705290645671589e+00
1.210589790520147258e+00,4.055920783212485503e+00,4.491208952937888910e+00
1.213322690782644875e+00,-1.626728757846677809e+00,4.487950158631755393e+00
1.213362033405844365e+00,-1.243101961353985985e+00,4.484262831134849137e+00
1.219866297148074485e+00,1.435193499884397283e+01,4.495463367080035688e+00
1.226100639933226599e+00,5.211646733996701641e+00,4.496275366362254111e+00
1.227806087433684024e+00,4.159935184416283960e+00,4.495894460153934347e+00
1.251088623457178972e+00,-3.689101743596658878e+00,4.494981798709865473e+00
1.267762289790492991e+00,-4.824029229275552666e-01,4.490447811279603130e+00
1.272995121172621591e+00,2.081196348942107477e+00,4.487728565836783368e+00
1.278844903990295823e+00,-1.106349624750947669e+00,4.483916413704781334e+00
1.291910169090847882e+00,2.016957181495629214e+01,4.501580440057542098e+00
1.304355758895504369e+00,-7.708966002301636422e+00,4.505188297832844135e+00
1.311915657162927795e+00,-3.690907768364727559e+00,4.504273375889622066e+00
1.315446788752004270e+00,-2.600141732561048968e+00,4.502136303338187595e+00
1.323038637549903251e+00,1.434194312736256194e+01,4.513167476907721465e+00
1.332338969767700387e+00,6.355816023132092596e-01,4.508825275480403683e+00
1.335611676139510928e+00,-1.590059325250476974e+01,4.521567745253361359e+00
1.344127696670557759e+00,2.196788432026009730e+01,4.541060836398620459e+00
1.345313588435062657e+00,7.592572301146113034e+00,4.544466541158383777e+00
1.354333393356232040e+00,9.817125755869490433e+00,4.550344645076679129e+00
1.358713115081908951e+00,1.243820008370203567e+01,4.559128448460449512e+00
1.358961109477553997e+00,1.261079902598648772e+01,4.568084700493292516e+00
1.386214621719737083e+00,1.727501056458782358e+01,4.582203507008951959e+00
1.392323396155207282e+00,1.786772551241008955e+01,4.596948814451129017e+00
1.396038760168934134e+00,-1.636819723243874591e+00,4.593667074882163526e+00
1.403388827438657449e+00,1.194839562254591669e+01,4.601811846252776839e+00
1.406293470821150970e+00,2.776472664769680421e+01,4.627434539617206077e+00
1.427464073958874868e+00,-1.715760921554796425e+00,4.624217220702219855e+00
1.428851846678273585e+00,6.627005492680233090e+00,4.626427803783872861e+00
1.444275736201755755e+00,1.164410262820380026e+01,4.634165041738030233e+00
1.452511875294788979e+00,-7.186430258960221806e+00,4.636975906514706480e+00
1.452673893081592782e+00,-3.786968436724464482e+00,4.636040804787763925e+00
1.458654946990771029e+00,1.486039507103569690e+00,4.632579264900199334e+00
1.498571466925205264e+00,-9.289486058188309414e+00,4.637691127461437191e+00
1.502649115121821088e+00,8.601477322202221387e+00,4.642037384253916876e+00
1.512426684051068948e+00,-7.109971521887331392e+00,4.644740488457238747e+00
1.513445964059560112e+00,1.757424769347870352e+01,4.658886557609341672e+00
1.516175748160657921e+00,3.628857932239498041e+00,4.657760843264674655e+00
1.546402195851260597e+00,1.994260368302348496e+01,4.674447352915066745e+00
1.551043989601560646e+00,6.463169520954220815e+00,4.676397976871489170e+00
1.551113860381574172e+00,1.147056685182354840e+01,4.683799032290827391e+00
1.557443764649562468e+00,2.258250663248652756e+00,4.681159697830497457e+00
1.557601651545530874e+00,1.222984225035234118e+01,4.689364787561498993e+00
1.558134576503549473e+00,-9.965582288398067590e+00,4.695093579636240300e+00
1.566590428257538248e+00,-3.458549142472342908e+00,4.693752425149077645e+00
1.570017021690840453e+00,6.438504991662362897e+00,4.695642731288312000e+00
1.581004821835729546e+00,3.282410971925994403e+00,4.694113259687270556e+00
1.586399449908065584e+00,7.860388324446361707e+00,4.697536259757280952e+00
1.592009698739218715e+00,1.158935799419423773e+01,4.704978831824707441e+00
1.598435148352483681e+00,1.592338100134978163e+01,4.717080668037787028e+00
1.610072210375725454e+00,-2.693600572559018502e+01,4.741023475211873617e+00
1.611911701818832920e+00,6.459094055626700026e+00,4.742872851509413401e+00
1.618540131080910438e+00,1.490368034090099769e+01,4.753798450960372790e+00
1.619680958613446409e+00,8.458700844025813126e+00,4.757777937956145564e+00
1.625634204377781389e+00,2.200015029531748922e+01,4.776278337481212333e+00
1.635135760165012719e+00,5.633435525723278658e+00,4.777197048293905013e+00
1.636492702618207007e+00,2.702426626023868295e+01,4.801016180212474893e+00
1.637709489735355906e+00,-7.994641709840877297e+00,4.804431822490153436e+00
1.642316840442584525e+00,1.602751013731781171e+01,4.816422290775224546e+00
1.664410606540338344e+00,8.330628128266873489e+00,4.820172777261342745e+00
1.671676897763725300e+00,2.306225428883226414e+01,4.839620625354701389e+00
1.674273139363557927e+00,1.247978065068653564e+01,4.847757111004681541e+00
1.678772649701633535e+00,1.376610222388583082e+01,4.857244712188597546e+00
1.678845468990866951e+00,3.249269259844489000e+00,4.855535917871547369e+00
1.679289533357744668e+00,-1.766809873850618828e+00,4.852257015489359837e+00
1.689898849613121756e+00,8.094886252251576764e+00,4.855695646705439295e+00
1.690821654247316230e+00,-1.823452982466890404e+01,4.869868140538027745e+00
1.702581760867816207e+00,2.659262781457685776e+01,4.892855187812141793e+00
1.715046473047883380e+00,1.538846420078019861e+01,4.903949911927330874e+00
1.718213184247369574e+00,5.208312944094679153e+00,4.904271309004593071e+00
1.723392558157028187e+00,-1.731021623708389967e+00,4.900923999209976678e+00
1.732067061880674164e+00,1.600543170362956147e+01,4.912625271817373296e+00
1.739220459135624619e+00,1.135457159383601322e+01,4.919406267945813482e+00
1.773054542120364063e+00,1.181464024290107773e+01,4.926656776857438302e+00
1.775660897554627748e+00,4.671112879147337082e+00,4.926388348393457406e+00
1.777425746474468715e+00,-1.006305070743634644e+01,4.931778340375664982e+00
1.780396370956243812e+00,-4.300806935988632063e+00,4.931116944773581423e+00
1.794394498457067666e+00,-7.271563435647422580e+00,4.933567674083397137e+00
1.795834383956905089e+00,8.914395455849522421e+00,4.937731719880223302e+00
1.812762404679081341e+00,1.040153687485901202e+01,4.943441025162333524e+00
1.814210806496589612e+00,5.904390728701400803e+00,4.944444104184817057e+00
1.816647036201760823e+00,2.197082179931290113e+01,4.962198408350747769e+00
1.823788577780511622e+00,4.044398729662859182e+00,4.961242367018781074e+00
1.830697736582518553e+00,-1.291611097377206363e+00,4.957423812107603744e+00
1.834935216533546187e+00,5.910319243184723348e+00,4.958414347898743024e+00
1.839676997370267575e+00,1.659512886997132597e+01,4.970498163601831720e+00
1.840352383591699947e+00,-2.377787982986895088e+00,4.967808630219450627e+00
1.840620034910600999e+00,-4.565491026135894970e+00,4.967391720785166775e+00
1.843860184980108841e+00,-2.009241919996689774e+00,4.964329453910644396e+00
1.849781839526219995e+00,1.218723245233056929e+01,4.971798846876953171e+00
1.855357346820866393e+00,1.029642349841120819e+01,4.977299492178124396e+00
1.862219990659663260e+00,1.850154093582694514e+01,4.991256397692726665e+00
1.863929639383459236e+00,3.629067659434184634e+00,4.989852079405861396e+00
1.880037192993861517e+00,1.798713076730416560e+01,5.003237536344994574e+00
1.897769686504823472e+00,-2.649157127422768099e+00,5.000815642920176884e+00
1.929744153748947921e+00,5.810889978307143267e+00,5.001648196193956508e+00
1.934904216529443444e+00,1.040812535467492239e+01,5.007198994097941558e+00
1.935110739081355113e+00,4.936808270810356447e+00,5.007126798484312857e+00
1.935411820074306455e+00,-1.463447266631291654e+00,5.003495979291839646e+00
1.989861160916047478e+00,1.695086437034568405e+01,5.015724606099469796e+00
1.992524467132895216e+00,1.068698321057854628e+01,5.021523439028384495e+00
2.035235949276408718e+00,-1.707945906839825057e+00,5.018138783735035524e+00
2.054547586799053693e+00,-2.847434922479539665e+00,5.015923779794979609e+00
2.054934696368691416e+00,2.173200666431895201e+01,5.032963619636491970e+00
2.068009965436966802e+00,2.903463009036748588e+00,5.030795085409812906e+00
2.096755735307584079e+00,1.891792895171491296e+00,5.027601797322082788e+00
2.123401958953207380e+00,1.437304296501409340e-01,5.022638513411846972e+00
2.136979638607224175e+00,1.461485024460320759e+01,5.032376799433360581e+00
2.159429319287220927e+00,-5.570167133030096807e+00,5.032922225735182664e+00
2.173992361665907591e+00,7.402984301464542227e+00,5.035323504433996789e+00
2.187580747194577846e+00,1.225630836997903828e+01,5.042632193569163590e+00
2.189766836552705431e+00,1.141411928810072496e+01,5.049074546546445497e+00
2.190875712017956722e+00,-1.368141341187850912e+00,5.045356432197598551e+00
2.198281275103791454e+00,1.566679326673517636e+01,5.056074330113377258e+00
2.199687344170193626e+00,2.520706886286976101e+01,5.076387832666560129e+00
2.222143214676467249e+00,-5.650199163812942516e+00,5.076965688991983860e+00
2.234833291327824600e+00,-5.559408521185297047e+00,5.077451043953948862e+00
2.264968653219698425e+00,1.927968809457283328e+00,5.074285735175560141e+00
2.269718293452252400e+00,1.477594028161178130e+00,5.070674598923537779e+00
2.277449708757883329e+00,5.143525757864310322e+00,5.070747669293590221e+00
2.358594818143677330e+00,-5.636823366250784062e+00,5.071314879410781629e+00
2.445466908487686108e+00,1.440593155493552047e+01,5.080658840046941016e+00
2.462711667131450177e+00,8.361792889304354048e+00,5.083939974096200132e+00
2.470046272222684358e+00,5.769523159025695236e+00,5.084624872382841332e+00
2.566265095995499124e+00,-3.260180215687803695e+00,5.082804069332246932e+00
2.583552133473840495e+00,9.991201612137246002e-02,5.077836081243303212e+00
2.589941205999292784e+00,1.130198382278290126e+01,5.084035431583481923e+00
2.698435979400325646e+00,-1.432245167400539998e+01,5.093227885556042445e+00
2.735381418032432954e+00,2.431216027718057404e+01,5.112332192108353546e+00
2.768344551501002559e+00,1.771180358191004700e+01,5.124844080280945846e+00
2.797312946333145423e+00,1.263028868461046983e+01,5.132289957864606400e+00
2.866781415198452976e+00,1.216762798478853114e+01,5.139262542628654451e+00
2.879592956157627892e+00,1.259159744868894037e+01,5.146641092040595389e+00
2.919019058584204185e+00,-3.515590458662174456e+00,5.145027787754364645e+00
2.940505851586218800e+00,2.449841883885049754e+00,5.142364560576628385e+00
2.944069607540279243e+00,3.077359928479623363e+00,5.140326056497559470e+00
3.031386559743128650e+00,5.188008522226084551e+00,5.140373080625496804e+00
3.116142096062687994e+00,1.786241167224331150e+01,5.152907108794577695e+00
3.123120948819314346e+00,1.917624523739951314e+01,5.166709606952653466e+00
3.173590051818230950e+00,-1.827845248561970948e+01,5.179602176154882720e+00
3.181270704324340670e+00,8.810746013469664462e+00,5.183169115091341261e+00
3.199584832055303529e+00,-1.737013116412872193e+01,5.195128842322978002e+00
3.227309238054017815e+00,1.332187524323721561e+00,5.191341644952390588e+00
3.241769946633004107e+00,2.517935431416708525e+01,5.210918542767488226e+00
3.276687279639510564e+00,1.055588738688543060e+01,5.216148453573866028e+00
3.334745951375225559e+00,1.279538007920351106e+01,5.223557282142419211e+00
3.404796714007249925e+00,1.353377425101288622e+01,5.231672728401081329e+00
3.519911367793823853e+00,-9.280302916380364309e+00,5.235622611511304925e+00
3.635335107202137372e+00,-1.840226954075234289e+00,5.232313259018677165e+00
3.837129085731228351e+00,7.687627213448728014e+00,5.234704022362815401e+00
3.937278250945044800e+00,8.326643249833917793e+00,5.237711745346737224e+00
4.135344477827787912e+00,-6.599035086553339369e+00,5.239034702918365483e+00
4.159785193125038028e+00,9.127606794710118265e+00,5.242810015628844411e+00
4.320981077093352773e+00,9.184814133613414810e-01,5.238615710486003607e+00
4.367024778102882365e+00,-2.076155863848725858e+00,5.235551311409805564e+00
4.400976893072433782e+00,2.137391718593254097e+01,5.251174124453874548e+00
4.573862266821630662e+00,1.216098636087073714e+01,5.257856728164141735e+00
4.631567124881552644e+00,3.885094098513484795e+01,5.290313814402760606e+00
4.958612380472678716e+00,1.330977524158091541e+01,5.298054607286136530e+00
5.034857465606845217e+00,7.696861379922950164e-01,5.293687810305139685e+00
5.292232225552222502e+00,1.927109168163546116e+01,5.307153517310275070e+00
5.464743101580027407e+00,2.004335681107756528e+01,5.321336581115634345e+00
5.542739833189353149e+00,1.645376995864485536e+01,5.332040843978642641e+00
5.685883855825981215e+00,-1.472450900127886797e+01,5.341063387837721166e+00
5.706256183631075452e+00,-1.845024863482493060e+01,5.353644179821393401e+00
6.224647065196998064e+00,2.673189861797048650e+01,5.374141068065065419e+00
