1.945130636178148131e-02,6.085005378905137263e-01,6.085005378905137263e-01
1.947409671362548833e-02,-8.217336203076968104e-01,7.151170790991052684e-01
2.350339199768774340e-02,7.087864710565874304e-01,7.130068764182659891e-01
2.764992270994877377e-02,-5.992036218098135691e-01,6.845560627661528841e-01
3.140527119784931875e-02,-1.194908185754570695e-01,5.715430139280137656e-01
3.194137879506608879e-02,-9.333549871466360059e-01,6.318450094644507686e-01
3.224703589010944477e-02,1.145345304121800467e+00,7.052021944155006938e-01
3.422911530336857772e-02,4.236764077954710217e+00,1.146647429857901912e+00
3.631465483508306696e-02,-2.897762281084503400e+00,1.341215746660857633e+00
3.815456118719517953e-02,-7.643022872610387708e-01,1.283524400720875702e+00
3.934332696451690869e-02,1.169590381751220320e+00,1.273166762632725213e+00
4.002868341402820995e-02,3.063980848611453922e+00,1.422401269797619383e+00
4.653763240704726634e-02,-2.417550320715328382e+00,1.498951196791289187e+00
4.657657935563667972e-02,-4.579258326375004629e+00,1.718973134618697385e+00
4.723679121248859636e-02,2.458178736510390650e+00,1.768253508078143632e+00
4.810130373915859348e-02,3.908300084173504274e+00,1.902006419084103728e+00
4.925982091825822917e-02,1.508075126252835219e+01,2.677226703992588774e+00
5.008874318664408021e-02,1.412191523083201616e+00,2.606946971719844797e+00
5.177428421612535747e-02,-1.329506735039402088e+00,2.539713275052453145e+00
5.198492541145136037e-02,-7.753808537065658868e+00,2.800418038153113631e+00
5.247912952414621190e-02,1.635363262613083180e-01,2.674852242348741971e+00
5.259018915442932596e-02,3.791440820136109835e+00,2.725606268611803884e+00
5.374815005732556938e-02,-2.669857696551286352e+00,2.723182417652651122e+00
5.469253363073565272e-02,-1.885739908597059866e+00,2.688288979775335097e+00
5.487247171221088654e-02,-1.514487441534100753e+00,2.641336918245686061e+00
5.513134044748153884e-02,3.115857853767177943e+00,2.659587723458050945e+00
5.527796257610666925e-02,-1.772237371502143333e+00,2.626722895607832342e+00
5.637917893965382204e-02,4.276705213053240584e+00,2.685650835516597112e+00
5.698189682977806980e-02,-1.514290331140969670e+00,2.645259093986402910e+00
5.825404188417861173e-02,-2.274404814955474308e+00,2.632897284685371986e+00
5.867076504261033859e-02,3.499286583808618900e+00,2.660845326592573556e+00
5.870810992264671735e-02,-1.190874528989461112e+00,2.614908739167475904e+00
5.896153411546581347e-02,5.452728330128415735e-01,2.552192499587032426e+00
5.919806702777376251e-02,2.000136756263117377e+00,2.535955565959858493e+00
6.000133024762272643e-02,-1.259019640315830912e+00,2.499471682370029146e+00
6.054088249034319386e-02,8.760060776201328281e-01,2.454375415571421026e+00
6.099365513176013831e-02,-3.761150720600255681e+00,2.489693667058686888e+00
6.159899389927928764e-02,-2.630743249392111238e+00,2.493405498172724055e+00
6.184156848058890155e-02,1.171729788088477164e+00,2.459516377401333553e+00
6.347056879196778800e-02,-3.060564712438520019e+00,2.474542585777263159e+00
6.382113353810002498e-02,2.566314178116655853e+00,2.476780917297736195e+00
6.637513769359240645e-02,7.770736093244785536e-01,2.436311695679325151e+00
6.643780364287983631e-02,3.847086884087289604e-01,2.388599997835822997e+00
6.691571775367201325e-02,2.275562370420534108e+00,2.386030960849111704e+00
6.697723493771119696e-02,-8.842420067137908291e-01,2.352657872979437848e+00
6.769922920887654072e-02,-2.559163007609797091e+00,2.357147115036619667e+00
7.051079718798346219e-02,8.574994233245959663e+00,2.489441734572988896e+00
7.088098265843398305e-02,8.838677053183339183e-01,2.455992275630183297e+00
7.355880833501557414e-02,-1.750142096556839277e+00,2.441587169934809065e+00
7.553608402398756527e-02,-4.726997277049207469e-01,2.402209421090211183e+00
7.569827404570889096e-02,4.912772383815600108e+00,2.451436145849532178e+00
7.596289833824004800e-02,-6.268248965777814874e+00,2.524836392386614836e+00
7.618603412069155367e-02,-3.600751529931685013e-01,2.483991840699946163e+00
7.637566374115804801e-02,5.652916548158003707e+00,2.542675631578799056e+00
7.667409683184855940e-02,-4.696252150497031153e-01,2.504983805823724374e+00
7.725369939936324593e-02,-5.187243278451582285e+00,2.552881296406364964e+00
7.860171651782335567e-02,1.716375224515154230e-01,2.511105089845753202e+00
7.885489949812021782e-02,-3.040408439909626281e+00,2.520231009674440692e+00
7.951961727200125563e-02,2.482386486984452745e+00,2.519589577086474907e+00
8.004312720910006229e-02,-2.958323504689097661e+00,2.526901809213185413e+00
8.020136326918919645e-02,-2.192454566678397043e+01,2.844895970812706842e+00
8.301252613676601833e-02,-4.725673420989764395e+00,2.875231090976853032e+00
8.528428201507873285e-02,-2.522113187058383943e+00,2.869626044882909177e+00
8.531464222966182731e-02,-1.221663722776362704e+00,2.843876633599993653e+00
8.560148061770256334e-02,1.480190682897131182e-01,2.802401901825989583e+00
8.685478925600771671e-02,3.949230124638049233e+00,2.819778087020111901e+00
8.689622611447131439e-02,1.049476383333541207e+00,2.793355673532252670e+00
8.737491346230029376e-02,2.933390710299192961e-01,2.756590723495453421e+00
8.815113736764754182e-02,-4.863770067660674101e+00,2.787129554570312084e+00
8.990726538298200732e-02,-1.653963756034620758e+00,2.770941471734087891e+00
9.088796225711279209e-02,-1.486239022743428251e+01,2.941243566884794713e+00
9.098252030918754785e-02,-7.833338362177144631e-01,2.911272598403306766e+00
9.224528329274755967e-02,8.040170011613412271e-01,2.882406083372595074e+00
9.263010564575553663e-02,-2.310317582430087668e+00,2.874675157684182913e+00
9.433416238672438781e-02,-2.787522136062321465e+00,2.873513117395891658e+00
9.473512060761328513e-02,-2.791819392487070672e+00,2.872438199962880745e+00
9.487112537579414639e-02,4.781013334079169397e+00,2.897224890016339316e+00
9.492828456048360564e-02,-1.198800404104090944e+00,2.875450217120028462e+00
9.610508987441596096e-02,1.012844941250833131e+00,2.851872935147000465e+00
9.645895435380022476e-02,-3.046978218231366498e+00,2.854311751185554691e+00
9.683896368176772573e-02,2.585354007461454273e+00,2.850991285213652304e+00
9.731478848070695964e-02,-3.796993433364221460e+00,2.862527896776464686e+00
9.828680766546918357e-02,5.365286750173467567e+00,2.892681617901729840e+00
9.848729854014041940e-02,6.749915319148250603e+00,2.938601066726092892e+00
9.904561255178860602e-02,-2.248311523218191610e+00,2.930480013273058848e+00
9.971865300870574877e-02,4.523650626115454543e+00,2.949005252957272560e+00
9.990927119609302465e-02,-5.777844175591511089e-01,2.921749841056144881e+00
1.001257338509287109e-01,6.633888693279811122e+00,2.963933237104140694e+00
1.015310576868286296e-01,1.465835172917849150e+00,2.947100674585194202e+00
1.015911293719978653e-01,4.359061240962383010e-01,2.919198512913094401e+00
1.025929212387874795e-01,2.261206823470296001e+00,2.911967835007129413e+00
1.027379360898384164e-01,-1.755843280281004226e+00,2.899401263760105874e+00
1.027837387567922811e-01,2.185510464745128445e-01,2.870574917337679999e+00
1.028460119445187143e-01,2.045511383145480977e+00,2.861797645697337522e+00
1.032628500943214567e-01,2.907295471206040816e+00,2.862276570176376822e+00
1.041849144519985115e-01,-1.734593243631479709e+00,2.850529868858201255e+00
1.044880834129524594e-01,-4.866926575489344486e+00,2.871317463771924317e+00
1.050515792760377820e-01,-1.688086218569786467e-01,2.843740842936057334e+00
1.058752736275870160e-01,-6.425169042479272008e+00,2.879916885355685796e+00
1.059865564446465513e-01,1.307339384054138520e+00,2.864191110342670932e+00
1.065562968015565937e-01,-3.855143145631622303e+00,2.874002516632660598e+00
1.066524474777260922e-01,-3.859560066925045163e+00,2.883664845557095902e+00
1.068245380960875374e-01,-1.581800618620818000e+00,2.871025387043151245e+00
1.069539042700512199e-01,-7.234691393910097190e+00,2.912983714032256088e+00
1.071109553216836319e-01,-3.847391903087682863e+00,2.921882839642307772e+00
1.071760806430777369e-01,7.876726040713890598e+00,2.968626643426001799e+00
1.076005345558586901e-01,7.207089339079963963e+00,3.008238444319964344e+00
1.079591902624880695e-01,8.360677980091040240e-01,2.988125753150419062e+00
1.082434044848967630e-01,9.414576721205882848e-01,2.969348981764824202e+00
1.085128052638244384e-01,-1.825404913409290231e+00,2.958949490234318969e+00
1.088624421954264010e-01,1.729846628822706123e+00,2.947876491482863237e+00
1.095265255606792942e-01,-1.690175333935364677e+00,2.936647016861903658e+00
1.097058695123835498e-01,-4.483720114720341599e+00,2.950337929232331735e+00
1.101830170585093305e-01,2.930736332452870130e+00,2.950165985400933000e+00
1.103175219071878543e-01,-7.176693906589889593e+00,2.986918402106923942e+00
1.104793866784120338e-01,-5.158250947137936748e-01,2.965615873594914298e+00
1.108023807867882654e-01,2.401523870945837302e+00,2.960794574426973469e+00
1.117583929945779042e-01,6.595737351754877409e+00,2.991599174234836678e+00
1.119351746975658923e-01,-3.007149812227716268e+00,2.991729851865029044e+00
1.120529096605329122e-01,-7.338380626011655750e-01,2.972914086954497659e+00
1.124352312856129188e-01,-7.161352041648846978e+00,3.007529276662715745e+00
1.127440835859570833e-01,-3.814794911744041173e+00,3.014146208097808533e+00
1.127621867033586356e-01,-3.266076258676701372e+00,3.016194419891133016e+00
1.138380112124232346e-01,-5.330148555207099292e+00,3.034855340337229368e+00
1.139644084142829583e-01,-2.103607841753039054e+00,3.027405360348555785e+00
1.141935023578945774e-01,-8.882215910741717124e+00,3.073872110748501640e+00
1.144913093831839146e-01,-3.004205393924387124e+00,3.073323553923114737e+00
1.149535146843291278e-01,-2.479078264122502873e+00,3.068681012596547131e+00
1.154376908276713160e-01,2.296179692473856448e+00,3.062692630270014593e+00
1.157406531378469827e-01,-1.531294721953695870e+00,3.050912646359889013e+00
1.171026080372910699e-01,-8.613377550493819257e+00,3.093374210513583300e+00
1.181256676842142306e-01,7.070764482052283029e-02,3.070475221379544983e+00
1.191940733225919369e-01,-2.336840412057057392e+00,3.064959170181630999e+00
1.192456604918065433e-01,2.034043185073443283e+00,3.057265767307689508e+00
1.192464336548381271e-01,-4.959954490759479029e+00,3.071359757851776617e+00
1.197506100929684736e-01,-1.650510089362263955e+00,3.060912333818766484e+00
1.199063964784071318e-01,-7.370432142047793178e+00,3.092368682783941392e+00
1.199530732158902158e-01,1.353884927527204241e+00,3.079770974412515905e+00
1.200678718543674028e-01,-7.218123861180160361e+00,3.109543297338901890e+00
1.200993445397954690e-01,-2.377653208836271403e+00,3.104315510992454730e+00
1.202938474121204027e-01,2.543628659722340757e+00,3.100339008501177496e+00
1.211016841986201076e-01,-4.642605906795811421e+00,3.111200042996209891e+00
1.215771582073572055e-01,-1.339471695799172579e+00,3.098810334274551881e+00
1.234706655214192622e-01,-2.512941896510056949e+00,3.094741803456742879e+00
1.240606527812863069e-01,-4.829354327640743350e+00,3.106704648451115602e+00
1.242217213026414468e-01,-2.682509447458606644e+00,3.103799201868974844e+00
1.243863705009060905e-01,-8.254027486839213168e+00,3.138834768433398370e+00
1.248338167955523187e-01,-2.801549853755069819e+00,3.136555816307193378e+00
1.252657660025179309e-01,-1.737242635719127293e-01,3.116671040785480074e+00
1.257385694381074615e-01,8.309126380788008248e+00,3.151287409718830368e+00
1.260473769037686320e-01,-1.033421904192891816e+00,3.137261810344486257e+00
1.266418324869198475e-01,-5.826152414044528882e+00,3.154951880105670625e+00
1.271249233073615259e-01,-2.351012954000076149e+00,3.149697377320666458e+00
1.271407274065910198e-01,3.213796918623600618e+00,3.150113608108347840e+00
1.279457377997937351e-01,1.094042335372606090e+00,3.136848632155214034e+00
1.281385439600629672e-01,4.046997940980620712e+00,3.142682922596402584e+00
1.282752671409079503e-01,-3.948751808028298171e+00,3.147817119318898627e+00
1.288762959270976505e-01,-1.514445477403625162e+01,3.223745205741160635e+00
1.289576027335846975e-01,-1.049527387183073301e+01,3.269478090433547646e+00
1.308306744064408889e-01,-3.597972656558223292e+00,3.271531181471827754e+00
1.310135983425759210e-01,-6.802692371170451224e-01,3.255436386786394021e+00
1.310476900934730571e-01,-1.417701403420323913e+00,3.244092343679196411e+00
1.316295396849067600e-01,-1.533121716882021701e+00,3.233595591367556921e+00
1.319646919288644527e-01,9.381403045375691363e-02,3.214450581849789490e+00
1.327487012002248334e-01,-3.418278055368425328e+00,3.215685899871115083e+00
1.329023521855949297e-01,2.361993864590107961e+00,3.210543176767012064e+00
1.332709652415974555e-01,-1.722364127398378741e+00,3.201631924974385424e+00
1.358095742706595388e-01,6.615305500794974591e+00,3.221951410544746430e+00
1.359288051305546918e-01,5.166303313784766260e+00,3.233456451392320741e+00
1.360397058140124238e-01,-3.239993326207923019e+00,3.233494903597118331e+00
1.367561040124510852e-01,-2.544775270085430918e+00,3.229467303401143408e+00
1.371831554133006725e-01,4.038881268834117577e+00,3.234173198549009420e+00
1.377574114403589955e-01,2.671819421443757392e-01,3.217022960072681848e+00
1.389963530874363529e-01,3.125179886756079384e+00,3.216495126317988618e+00
1.390883422303406391e-01,-1.570050015291400314e+00,3.207086868540693914e+00
1.391040516797243110e-01,7.892602393498847846e+00,3.233709115841592929e+00
1.391300105849294644e-01,9.150323159879221180e-01,3.220609246915866031e+00
1.392333844029204626e-01,-8.641277047291531233e-01,3.207370586566501647e+00
1.393887890075607150e-01,-4.823374612403981132e+00,3.216398542018108042e+00
1.401661612793456135e-01,-8.015112405365087511e+00,3.243058063481147002e+00
1.409777802878748876e-01,1.258233590428041282e+00,3.232092182414555204e+00
1.413745554874489829e-01,2.403179155555008606e+00,3.227537715234008342e+00
1.413784243246117567e-01,-1.980822804411694449e+00,3.220725065448093893e+00
1.415505109049571830e-01,-3.190594985772975178e+00,3.220561315015077142e+00
1.420034026524973902e-01,-2.533068369565043554e-01,3.204522101620165486e+00
1.420522018907582340e-01,-3.010510740569628751e+00,3.203479029786560517e+00
1.422775964675836169e-01,9.818421461272208717e-02,3.186873175159962823e+00
1.429638276425836130e-01,3.503289447465057549e+00,3.188556240438181533e+00
1.436520845233381360e-01,-8.322053621207459173e-01,3.176088775473538739e+00
1.441222437027740166e-01,-4.690094628395591769e+00,3.184057227331023476e+00
1.445936729745748162e-01,1.563310773518054475e+00,3.175571643803206445e+00
1.455284430387477346e-01,-2.849553199194616582e-01,3.160516350449645628e+00
1.459380296149124789e-01,-1.234973318353564053e+00,3.150539443547593521e+00
1.461694463454676352e-01,-4.208300830101393331e+00,3.155991821828798560e+00
1.464048131925942964e-01,-6.383633312310621477e-02,3.140134614194410201e+00
1.474606208867524915e-01,4.504769278614944028e+00,3.147097035951657684e+00
1.474615242251564595e-01,7.577450749098488814e-01,3.134968345794086009e+00
1.483286215394948315e-01,-4.948100983021621602e+00,3.144125581335638575e+00
1.490085539417701221e-01,-1.473088705474431492e+00,3.135728411105180857e+00
1.496111433972693305e-01,1.401977678862770915e+00,3.127059657443968632e+00
1.497181027740801806e-01,1.781285112756514621e+01,3.200123296598800238e+00
1.501602134155746171e-01,1.760929877571562940e+00,3.192998576702625435e+00
1.502262578395879844e-01,-6.465028104171043566e+00,3.209116948759120458e+00
1.502955390109416700e-01,4.985890994315948177e+00,3.217826625453026335e+00
1.511004814498601578e-01,-1.338075691618215046e+00,3.208657108702612337e+00
1.514562971352916287e-01,-1.050836181725495777e+01,3.244092568452866310e+00
1.518032600591965597e-01,6.089088834324392963e+00,3.257836511766255772e+00
1.525336377418970435e-01,6.611088590412428800e+00,3.273957915990516554e+00
1.534301317924145758e-01,-5.685268605489085303e+00,3.285495287710605616e+00
1.539531451070977885e-01,3.649098842700823297e+00,3.287226733210558915e+00
1.541509490196949494e-01,1.327796562254891910e+01,3.334576206619745076e+00
1.557018151980834042e-01,4.409878879753463821e-01,3.320927205116705583e+00
1.563680823610490433e-01,-1.294039861499044264e+00,3.311411302095026432e+00
1.581218878057539801e-01,-1.494616562821029504e+00,3.302921607051689801e+00
1.582369057666021539e-01,-6.779800508500073875e+00,3.319093136825868484e+00
1.586055703731667488e-01,5.037247324325662134e+00,3.327047554360589743e+00
1.587297155094763990e-01,2.530449014302099897e+00,3.323376593346495600e+00
1.592595324640931065e-01,8.509969578996283701e-01,3.312035402358207037e+00
1.593314568764550021e-01,5.323912324754889625e+00,3.321222054971890714e+00
1.596957225679189185e-01,-4.426369022465465264e+00,3.326245450278679350e+00
1.597954349664166274e-01,-3.081836163613374424e+00,3.325139525904628357e+00
1.608515071676633046e-01,4.011520615910317389e+00,3.328231332616365723e+00
1.611972768355428298e-01,-4.099068496530257733e+00,3.331688001512840280e+00
1.619147231209268623e-01,3.855766370578223246e+00,3.334027637089024942e+00
1.619378541869034016e-01,-3.323767237219001913e+00,3.333982035311824355e+00
1.623068195408950976e-01,1.256091169835045207e+00,3.324787827942458751e+00
1.624382916004413480e-01,4.223245975745214764e+00,3.328745793351281179e+00
1.625696250978627688e-01,-1.868468097759993896e+00,3.322341066616231409e+00
1.640890960069342763e-01,-9.717739295812464206e-01,3.312076581301668377e+00
1.645621853612490304e-01,-9.773646113921756751e-01,3.301925659693365933e+00
1.647486139644138703e-01,-7.501230899229014426e-01,3.290878895322065567e+00
1.654559735415145061e-01,-5.621954998643694523e+00,3.300926637146727405e+00
1.664209319859835667e-01,3.805013345427383342e+00,3.303090099414026426e+00
1.671001984983759847e-01,-2.114189922749744710e+00,3.298009329428281511e+00
1.677503199675294265e-01,4.719520875759286582e+00,3.304058314731817880e+00
1.678351301581201549e-01,-5.592920291143929745e+00,3.313756882428479322e+00
1.683318675608239390e-01,-4.017516314524847587e+00,3.316726331509054937e+00
1.704612200299090996e-01,3.328308048765251215e+00,3.316774994186601599e+00
1.713838966963426858e-01,-1.900897428139842305e+00,3.310850820270088146e+00
1.719810223132622051e-01,-4.140190540908651684e+00,3.314306402439415766e+00
1.721656135948232969e-01,-9.597422993881721709e+00,3.340377425640420839e+00
1.721704023454432297e-01,1.089718163752301905e+00,3.331077180756586209e+00
1.724400815602942783e-01,-7.293608904326561060e+00,3.347383895668396558e+00
1.740314931858489012e-01,2.730763093409080966e-01,3.334784274412955885e+00
1.743132849048877331e-01,6.970341537123658782e-02,3.321457413763806432e+00
1.743659128420375071e-01,-3.782006550560740976e+00,3.323329564726395624e+00
1.745223789063772846e-01,-1.099234816528732495e+01,3.354378223028261718e+00
1.745931645337815419e-01,3.509724196666031304e+00,3.355004618083252677e+00
1.748102624190739363e-01,8.286784461521676803e-01,3.344858729842565381e+00
1.750342213678885706e-01,2.946483990739622527e+00,3.343265230886153905e+00
1.755340761231675151e-01,7.276597032230398554e-01,3.332844491732117387e+00
1.757358247594463518e-01,6.037322285581367964e+00,3.343576546469614552e+00
1.758072864762366405e-01,2.533253602584295550e-01,3.331362114903562155e+00
1.759089976036801728e-01,1.493068783097506014e+00,3.324124739581491017e+00
1.767287146394205255e-01,-6.246301559987585961e-01,3.313538486312539000e+00
1.770596378103234114e-01,5.070364737263872712e+00,3.320401088855318150e+00
1.772581121294085071e-01,-1.046533648963713858e+01,3.348202393916726027e+00
1.773717287509143370e-01,2.206432075924567471e+00,3.343776927567919000e+00
1.775254274091551676e-01,2.142559992704278216e-01,3.331693835180669971e+00
1.776911673653497892e-01,6.824454123240510484e+00,3.345127528596284705e+00
1.778632925393914266e-01,2.694471196991784723e+00,3.342634592459869047e+00
1.785318764027356286e-01,-2.349073183668231479e+00,3.338842373342343794e+00
1.786004854094027372e-01,-1.793139281884272407e+00,3.332965175275963254e+00
1.788278692961575156e-01,1.363777317532360200e+00,3.325506130360267765e+00
1.792468266052201775e-01,2.927658215461605096e+00,3.324004817473857898e+00
1.794764195708685728e-01,-1.655738889888787924e+00,3.317733141054365120e+00
1.808982379925083428e-01,1.603719657857595848e+00,3.311313614900070146e+00
1.811337276486598979e-01,6.520488869291966694e+00,3.323288149431383065e+00
1.813335174471378264e-01,6.458401965084732410e-01,3.313334811316428041e+00
1.818402291085920441e-01,-3.900902441179006530e+00,3.315510987723326419e+00
1.822878424433827804e-01,1.808033727501790366e+00,3.309948341006641925e+00
1.830016448015535924e-01,7.678530281662361290e+00,3.326009304023758606e+00
1.831233738509373543e-01,1.704054007862569975e+01,3.376245680487501843e+00
1.832965252581101878e-01,-1.516189944327805961e-02,3.363978951359603453e+00
1.845674833287286321e-01,-1.451045077064907929e+00,3.357022828180349805e+00
1.848058626402547810e-01,-1.691374840422817272e+00,3.350987871702967524e+00
1.860356555151244373e-01,5.268982234971407053e+00,3.357912039079388400e+00
1.861451898964572027e-01,1.980907598430235339e+00,3.352958785695757893e+00
1.873091063654829247e-01,1.961078328210259514e+00,3.347969966851723989e+00
1.874349217477467855e-01,-3.445407418099406982e+00,3.348317957749037177e+00
1.876681259171605609e-01,1.688991203804107499e+00,3.342412880332862990e+00
1.883823187876131344e-01,-4.940634459861250605e+00,3.348080332742538356e+00
1.906925699927287665e-01,2.300718619566815448e+00,3.344379407960998307e+00
1.917873406836193839e-01,2.452078580194530844e+00,3.341237503637876749e+00
1.923544859581593769e-01,-1.989718049207937511e+01,3.399328531667495934e+00
1.923835200769282439e-01,4.540940848687995413e-01,3.389030509126242041e+00
1.929667285419819911e-01,3.121032797400037140e+00,3.388096719189913841e+00
1.936588296524632269e-01,3.567088469367945436e+00,3.388718218322476439e+00
1.939168903112323261e-01,-1.552093142276589788e+00,3.382363114253113423e+00
1.958504643916523236e-01,-5.683905260279086491e+00,3.390299466480789281e+00
1.978662290759143350e-01,1.551046545263901066e+00,3.383979009706847840e+00
2.001243249813046965e-01,2.669841827499560338e+00,3.381533334425316006e+00
2.003069056229817013e-01,4.015914214148068595e+00,3.383698456881707450e+00
2.014134965632853047e-01,-2.862742958307862295e-01,3.373163000551602231e+00
2.025741095856581353e-01,1.639550225953097851e+00,3.367286347078386921e+00
2.026113540028004756e-01,-3.279515722208969919e+00,3.366989824697071310e+00
2.026492673437790826e-01,3.284740487277606036e+00,3.366712890901046418e+00
2.030979196048186275e-01,-6.716553188252021300e-01,3.357669073545086924e+00
2.045804377956862985e-01,2.972191863570685655e-01,3.347433455193287610e+00
2.051785176225632001e-01,3.496401291919543297e+00,3.347930014649042274e+00
2.060544798181586645e-01,-3.800057862504125694e+00,3.349432100522314659e+00
2.063246202328705148e-01,1.347450619631935353e+00,3.342803022771021926e+00
2.072064915103465910e-01,2.914485973870526436e+00,3.341389435150888598e+00
2.075165827798688412e-01,1.395804209494878023e+01,3.376312634689696779e+00
2.088694239576233125e-01,1.217160172809290231e+00,3.369233446290089251e+00
2.091070527925897593e-01,4.652336485972785596e+00,3.373426593478594970e+00
2.095226615849078433e-01,-1.178116871403412347e+01,3.400813375630241442e+00
2.097445535381182724e-01,-2.168850819693311394e+00,3.396813497201874643e+00
2.106724882411917243e-01,-5.238103153040150062e+00,3.402772363401998401e+00
2.107133314636147337e-01,6.685546177086365560e-02,3.392011341138672531e+00
2.108064719555499122e-01,1.070626718574220604e+01,3.415529848677590685e+00
2.111403180031159454e-01,7.900149328624248568e+00,3.429903629062034831e+00
2.118175559125548002e-01,6.658972890445852499e+00,3.440220144274124259e+00
2.131956382675335993e-01,-7.495731752230021527e-01,3.431651204882240958e+00
2.136701874359924758e-01,7.975636521111034938e+00,3.446076555092491223e+00
2.149221561626821764e-01,8.923523814393519160e-01,3.437995149479665002e+00
2.150117205462335757e-01,-6.907723616674701361e-01,3.429328831537040045e+00
2.153397639126323204e-01,1.531409663426408940e+00,3.423360532266252143e+00
2.154129475876938593e-01,2.991208647062919113e+00,3.422005824162166476e+00
2.176630593046233741e-01,1.911616454658712883e+00,3.417285857382468262e+00
2.179671384330829631e-01,-3.258454487347389517e+00,3.416791055606657856e+00
2.181837528632182277e-01,1.471118830989139781e+01,3.451866823477107715e+00
2.188351407157053674e-01,4.948780304376111161e+00,3.456501230538714164e+00
2.208133326251219830e-01,-2.116610224135826002e+00,3.452365764469569331e+00
2.208999365097920053e-01,6.688811259222475769e-01,3.443801196350962712e+00
2.209105879854560417e-01,9.892947312834280638e+00,3.463583853149990954e+00
2.218827534870462526e-01,2.141304970094708438e+00,3.459540186840953435e+00
2.219643935868099160e-01,7.002170598543095537e+00,3.470340889315654653e+00
2.230364718600717777e-01,1.909593489787773990e+00,3.465596976247180994e+00
2.231170999503990504e-01,2.751204073655841853e-01,3.455928865432388530e+00
2.234363226621745024e-01,-1.197637534095420619e+00,3.449106233011431044e+00
2.235962464615648959e-01,-9.113105517140382972e-01,3.441462270115957178e+00
2.237161314693982272e-01,-1.229684511420195747e+00,3.434820294864618262e+00
2.237226462180854081e-01,-2.364899226512406472e+00,3.431616938372545889e+00
2.254077691849941667e-01,-1.188193208626078246e+00,3.424920151119571265e+00
2.259351476841356954e-01,5.189195321528160321e+00,3.430170970079120085e+00
2.260046658607114678e-01,2.259288035457203137e-01,3.420662833086439925e+00
2.261290839600190450e-01,-2.603780200096636577e+00,3.418246020562801579e+00
2.264972946097512652e-01,-6.291398904090243605e+00,3.426721397800345237e+00
2.272599503091276285e-01,1.111722302056848122e+01,3.449340520220251172e+00
2.273096789633614612e-01,5.406000090676933212e+00,3.455078524825696551e+00
2.276898218270230478e-01,1.603939213232909111e+00,3.449665836780103412e+00
2.281337379685990097e-01,6.556689764268170961e-01,3.441520073338840024e+00
2.287125834412348513e-01,1.346180201787319675e+00,3.435428969061073978e+00
2.293721021384411973e-01,-1.345847100449248046e+00,3.429372210021619516e+00
2.303078516854585867e-01,-3.325053136105559304e+00,3.429070709807989559e+00
2.303093398223841071e-01,9.381299553170592276e-01,3.421892206192741703e+00
2.304194426564542819e-01,1.528311557359984363e+00,3.416450882489199259e+00
2.305137502261688232e-01,2.231178216667792924e+00,3.413054685738994731e+00
2.306974991236020178e-01,-1.879974934793963826e+00,3.408674457879151909e+00
2.307448944098862142e-01,-4.036736840468471144e+00,3.410463809396500068e+00
2.307617776672305776e-01,1.614099660570317951e+00,3.405360502155517111e+00
2.311155077909121114e-01,2.122225079845513562e+00,3.401725557616395168e+00
2.325723282685104309e-01,2.293953857424249065e-01,3.392764172950084145e+00
2.330210340759769627e-01,-3.323459692821657541e-01,3.384143276601723649e+00
2.332025506817954896e-01,2.893212889566619594e+00,3.382764258660614143e+00
2.343698727043914964e-01,-1.677105088011757061e+00,3.377986501880084536e+00
2.352681024321272574e-01,-5.533911061101768780e+00,3.384008637520369067e+00
2.369483551218092288e-01,3.032299925874681890e-01,3.375427081406349394e+00
2.377865902476068993e-01,1.024416897241302138e+00,3.368896497561446601e+00
2.385029087505893819e-01,3.646877939307131555e+00,3.369666529256033272e+00
2.386322426610585357e-01,5.905774253241688143e+00,3.376672351697982855e+00
2.394127698060091458e-01,-5.692782420753644601e+00,3.383052820207778311e+00
2.395830275405964327e-01,2.745430977722030264e+00,3.381301111849300600e+00
2.402283361177802723e-01,-8.049907768950532727e+00,3.394091815019441238e+00
2.418414887108780720e-01,-2.014366150423605006e+00,3.390322072766447370e+00
2.419135045553566510e-01,4.981382142536666890e+00,3.394657386308055358e+00
2.428530049259452761e-01,-6.216716038545474277e+00,3.402326023950004608e+00
2.451025701598224804e-01,3.680657524080146459e+00,3.403080309858216523e+00
2.451992592602423027e-01,7.023368248037584749e+00,3.412864871853295679e+00
2.459042245013889627e-01,1.076680070858814986e+01,3.432686801332365256e+00
2.465311387159921375e-01,1.222563888115473674e+00,3.426745610705438150e+00
2.469084216204827098e-01,-1.196017679150955360e+00,3.420765106867490690e+00
2.469782891583172380e-01,2.583035242465030024e+00,3.418525187443954394e+00
2.474397002070468365e-01,1.041055974648983806e+00,3.412185269543168253e+00
2.475366106430885449e-01,-2.102803506162032932e+00,3.408702871236303000e+00
2.492956476174125746e-01,-1.345325277805006081e+01,3.435346239689390124e+00
2.499889495669956607e-01,-2.502704433292144870e+00,3.432878933323259663e+00
2.506131911200309981e-01,-5.459275740424949674e+00,3.438225626745691876e+00
2.527610891952391525e-01,-2.956429772928501620e+00,3.436957742919856784e+00
2.531621953794280233e-01,-2.114138008566179394e+00,3.433485775113154226e+00
2.531772979138762203e-01,-2.232185216108064196e+00,3.430341009251884454e+00
2.537801785048443559e-01,5.311359090429590424e-01,3.422771283141678111e+00
2.538464929489815392e-01,5.267715391487030274e+00,3.427575825090494632e+00
2.545505091020004440e-01,5.713966049285403415e+00,3.433514500997494778e+00
2.553410191916150040e-01,6.501008117902529193e-02,3.424787805609363911e+00
2.555128662525158467e-01,-3.878510146202344799e+00,3.425960214758182687e+00
2.558347081600470529e-01,-1.789093747605846829e+00,3.421741486750057959e+00
2.559770789451044082e-01,7.889718601142874377e-01,3.414973441437370028e+00
2.561050144639326342e-01,-6.245605068311292030e+00,3.422231471249867152e+00
2.562714675150844501e-01,-2.660403052736839413e+00,3.420283060972340028e+00
2.567090703996950940e-01,4.434166991004829583e+00,3.422869499569361817e+00
2.573904834993919755e-01,-3.077719069686892794e+00,3.421991254200703825e+00
2.574661963802316045e-01,-8.118723984262857130e+00,3.433911895647562496e+00
2.575968766797186449e-01,-2.450309948119664227e+01,3.487251611054015488e+00
2.579048989596579577e-01,-4.120788882192073288e+00,3.488851452647798723e+00
2.594932342353152843e-01,9.114005597679941673e+00,3.503020606665511405e+00
2.596078687102327254e-01,5.749013472326524266e+00,3.508663804820439047e+00
2.610118906332007382e-01,1.350477371543224336e+00,3.503254816265858995e+00
2.613374999809663368e-01,-6.735894659630616843e-01,3.496180652890102269e+00
2.614057004874004164e-01,-9.592348717543309533e+00,3.511383067016419446e+00
2.620860132508296414e-01,4.853012659808904061e+00,3.514720454063167132e+00
2.633269827359027149e-01,-9.836004113068739230e-01,3.508439759167990335e+00
2.634356317334779485e-01,2.548900504401636624e+00,3.506064662002727150e+00
2.635584124945602458e-01,2.697178816030117332e+00,3.504067413000325537e+00
2.639989891400896793e-01,-1.793797829849864911e+00,3.499854926342319317e+00
2.650494539795796300e-01,-6.005374254301855785e+00,3.506010993487183036e+00
2.662341595916722925e-01,-1.211189522690325759e-01,3.497714689464590077e+00
2.663032698834172374e-01,4.366114683592954293e-01,3.490230329510787044e+00
2.666941418906583761e-01,-6.443567684421413588e+00,3.497433591352032245e+00
2.671039014161837311e-01,1.005187172597004519e+00,3.491369731452385494e+00
2.676782730004677036e-01,-2.181167010712599108e-01,3.483424942543693170e+00
2.681911559625923536e-01,-1.219438071775954313e+00,3.477943134139897641e+00
2.706063196482585975e-01,2.636422205639668448e+00,3.475910474892311974e+00
2.709601836743832926e-01,-3.347727872187210352e+00,3.475601601150854147e+00
2.712256793542703326e-01,-6.029522458554488651e+00,3.481740833981151528e+00
2.716910460782881453e-01,-9.145039165871825304e+00,3.495321885136764450e+00
2.719318217302095775e-01,-6.979463753237144630e+00,3.503657152763798965e+00
2.727750889416492575e-01,4.023915924588315818e+00,3.504898820476983978e+00
2.729409493487148231e-01,-4.427276616325286795e+00,3.507094958086146352e+00
2.731163452216800458e-01,-3.082598593244895824e+00,3.506086653181535340e+00
2.733082707668656464e-01,-3.311543377443356917e+00,3.505625650158459283e+00
2.738469780375745177e-01,-3.544888105592015393e+00,3.505718469202037113e+00
2.741830798343396491e-01,-8.360882603680543923e+00,3.517169328009769558e+00
2.747110188476035164e-01,-5.037311619476817270e+00,3.520746133401456923e+00
2.751139239476168563e-01,1.763093761461861675e+01,3.553868648615582160e+00
2.752819445034219159e-01,-2.086874769427296883e+00,3.550433065760339790e+00
2.754459624874742163e-01,3.158737274254548311e+00,3.549517888677382604e+00
2.768382647433731969e-01,-4.255251803620183182e+00,3.551162956078181221e+00
2.771853991409135576e-01,2.425199373794644231e+00,3.548544436119382972e+00
2.774191656506075354e-01,-2.800053431352381494e+00,3.546807798057278305e+00
2.789065687191542020e-01,-3.486259241889790417e+00,3.546667639362445446e+00
2.806818471383794034e-01,2.077663940048815050e+00,3.543275021119227208e+00
2.806947588487510581e-01,-1.720900009066070879e+00,3.539076000354127949e+00
2.807728595482036349e-01,-1.493490553247873720e+00,3.534373505073423960e+00
2.814745315086025212e-01,-3.331700307013676365e+00,3.533908658288883231e+00
2.817688927881096816e-01,6.877234908671560731e+00,3.541559290440788210e+00
2.818118386191970082e-01,-1.059057272645875258e+01,3.557652928422564642e+00
2.823398536412564663e-01,1.148234612932498067e+00,3.552164504013703539e+00
2.827547834030934570e-01,-6.748790869579664786e+00,3.559429563935444296e+00
2.828547099431325540e-01,-3.011401654676895134e-01,3.552041152601050022e+00
2.834821849227320278e-01,1.987069642324730268e+00,3.548500493075538831e+00
2.849304165155796542e-01,-9.491945968846984272e-01,3.542632985409193136e+00
2.850740317173675042e-01,1.818089670468410191e+00,3.538748878844010903e+00
2.860676104819970256e-01,7.864266754991930952e-01,3.532563885128629178e+00
2.866032455256476985e-01,-1.956707654712907640e+00,3.529030575194962438e+00
2.866537970190465856e-01,-1.935655288206838520e+00,3.525465977237494553e+00
2.871757751063745423e-01,-2.104271867687273811e+00,3.522293668957248602e+00
2.893506555050880391e-01,-5.382500472950141557e+00,3.526436668520707141e+00
2.900499674473289158e-01,4.973524392700213070e+00,3.529652419018883602e+00
2.902095926463442166e-01,1.059284047426201880e+01,3.545313589873080762e+00
2.906650303141219971e-01,-3.869573602403910684e+00,3.546030979281335593e+00
2.920942437436821471e-01,8.741851005435421484e+00,3.557500780663573892e+00
2.922918087409260846e-01,6.963976144263227752e+00,3.565004030363132514e+00
2.926261915190805918e-01,-5.900023507475893325e-01,3.558465565133207775e+00
2.927136588717210719e-01,-3.288180614265968416e+00,3.557872834977797272e+00
2.932288311005196157e-01,-2.316482951433528115e+00,3.555156445735906612e+00
2.932587182541152027e-01,-2.987220693530467486e+00,3.553916411342444626e+00
2.937754454127401438e-01,-2.302714744576164208e+00,3.551190481785220232e+00
2.938808966815137369e-01,-5.542824575189371217e-01,3.544675464341162208e+00
2.949507306559373543e-01,2.349242348932946811e+00,3.542082333938975314e+00
2.949954652170490577e-01,-3.818360128203970305e+00,3.542680337822665670e+00
2.959181242271253232e-01,-1.025275024684372838e+01,3.557172929418823681e+00
2.975983577534691560e-01,2.260287435240684317e-01,3.549993739363016321e+00
2.977777343655000908e-01,-1.529540213480473199e+00,3.545648678017031763e+00
2.980874709204742179e-01,6.430263847427397650e-01,3.539419874812580691e+00
2.988843182951023136e-01,7.466341626021346656e-01,3.533439605621552015e+00
2.990944149195376989e-01,-2.508222148032466237e+00,3.531248970028412870e+00
3.001975463792325716e-01,3.736258564151128780e+00,3.531686090698184177e+00
3.007464064921211433e-01,1.286049847377846334e+00,3.526908141244311068e+00
3.011188287764019478e-01,-1.645770293606297230e+00,3.522914218000917863e+00
3.011968220170840871e-01,8.556463229360282696e+00,3.533578516753798304e+00
3.022603305936243934e-01,2.400855818432333422e+00,3.531183754178065737e+00
3.026560316596241806e-01,-3.676085374729609612e-01,3.524509544860122912e+00
3.034189448908110598e-01,-3.288876633992032339e+00,3.524013475574084620e+00
3.040183215162354236e-01,6.036874327494764714e+00,3.529292595010892875e+00
3.048796855950464679e-01,-4.897815987016400641e-01,3.522920454557413983e+00
3.062983264445550136e-01,2.156375486920772744e+00,3.520061573871981597e+00
3.095553919666389486e-01,-2.589687837803520409e+00,3.518119248744489891e+00
3.122316274702633399e-01,-4.392948823870515440e+00,3.519941810359336287e+00
3.125127240876467427e-01,-1.856060493481948015e-01,3.513009719380102869e+00
3.132247605115106581e-01,4.448326390811338626e+00,3.514950210399669928e+00
3.137067156993916806e-01,2.502430795401323849e+00,3.512853896911060758e+00
3.142821303079960105e-01,-6.368435084527824586e+00,3.518753858042500404e+00
3.151207065804175755e-01,-4.858578713294576801e+00,3.521516383517246940e+00
3.186445999671272400e-01,8.915756456264283258e-01,3.516104982821998348e+00
3.189626387786439476e-01,-5.671566950719139300e+00,3.520530982756079119e+00
3.193584797912819573e-01,-3.265223800425584244e+00,3.520007812300482986e+00
3.196004437498763950e-01,4.012716964672534914e+00,3.521015397479158260e+00
3.206533407849574413e-01,5.188782434008544442e+00,3.524419003676157125e+00
3.208912008029618512e-01,3.494720390117691977e+00,3.524358517701495774e+00
3.226744166272965675e-01,2.978065675455752626e+00,3.523248166396118819e+00
3.235247851546174669e-01,3.678263292682885321e+00,3.523562598700960447e+00
3.239342073404277711e-01,8.221045087514738725e+00,3.533071672564955357e+00
3.240256121654309096e-01,1.759871365415882849e+00,3.529489449722230443e+00
3.250304642312819570e-01,-1.211770223318531237e+00,3.524816628701254562e+00
3.251372361851147530e-01,-6.750938072421181602e+00,3.531307818728860237e+00
3.255879757522250340e-01,-3.021203232668550953e+00,3.530283512331148899e+00
3.261551141813021637e-01,1.979904097978803179e+00,3.527176539556895474e+00
3.262622348943456929e-01,-7.442967860272453606e-01,3.521610780049836631e+00
3.267886494701129352e-01,4.048304245729411832e+00,3.522662064412469984e+00
3.269743276144118083e-01,5.872686141019947570e+00,3.527343387274237685e+00
3.271301056958649811e-01,1.186782997668132111e-01,3.520566717120147793e+00
3.278905582037621169e-01,5.665383997001157468e+00,3.524822306961181706e+00
3.282115794325637381e-01,-2.926492775302968141e+00,3.523637496007403058e+00
3.300602654713031825e-01,2.687744311100637162e-01,3.517204960306024919e+00
3.301926803321932891e-01,2.330205518091744921e+00,3.514863738526509351e+00
3.316913668866935394e-01,-5.771490940693503546e+00,3.519305918058333926e+00
3.322991357987951089e-01,-1.629215640499680262e+00,3.515592577630910043e+00
3.327322518666476214e-01,-5.785061279962583569e+00,3.520042516262933407e+00
3.341998190806343971e-01,5.716816703691485202e-01,3.514272729871751544e+00
3.347845022995807884e-01,-4.283264867512528440e+00,3.515774667640581441e+00
3.350754305122902177e-01,9.119905718072711664e+00,3.526698899707700896e+00
3.358697607603087776e-01,-1.011571153621474650e+00,3.521805655065509910e+00
3.364853159017875406e-01,-1.885333619385434645e+00,3.518628039462247337e+00
3.375079059712516316e-01,3.013944910077086092e+00,3.517649971382043272e+00
3.379801848260817199e-01,3.861232348439248341e+00,3.518314540776738220e+00
3.383405363110095765e-01,-5.112645341441229618e+00,3.521392399465279599e+00
3.388335912501199698e-01,2.594173772654102095e+00,3.519605851051385681e+00
3.394126147405340799e-01,1.332168504229741757e+00,3.515399240769036204e+00
3.401392455101031054e-01,-1.601826922276288201e-01,3.508959285781432680e+00
3.409620822642601135e-01,1.660888223236273831e+00,3.505418919761231322e+00
3.413630835484069426e-01,8.715799400122854479e+00,3.515381406339360471e+00
3.426560530465732057e-01,-1.985519011516117871e+00,3.512461821616415403e+00
3.435269787983294409e-01,3.166168112973487325e+00,3.511802214552333545e+00
3.442854425709547250e-01,-4.137211369517942217e+00,3.512991205341241763e+00
3.443250810651553029e-01,-1.971621913188755570e+00,3.510066405925392541e+00
3.456040229846862877e-01,-5.737452257863608907e-01,3.504505191569068590e+00
3.456794342782685825e-01,2.180703507114998274e-01,3.498292649336823601e+00
3.468482216764353643e-01,2.147380306205169376e+01,3.532208706719304647e+00
3.470072694317128947e-01,-4.215154467745847455e-01,3.526350527322045014e+00
3.484781794617762274e-01,-8.648518905584108296e+00,3.535978663371410313e+00
3.487735529735869200e-01,7.484742571485121232e-01,3.530748823960109917e+00
3.489805215340784916e-01,1.005101849041562190e+01,3.542959066781187882e+00
3.495466581655227722e-01,-6.862459362741304858e+00,3.549163740231580544e+00
3.508638179553826841e-01,2.975811205676176741e+00,3.548094052667110976e+00
3.519664723023321340e-01,-1.411377123168932712e+00,3.544115063971583712e+00
3.529140630395730671e-01,1.288411961036359799e+00,3.539922307274678381e+00
3.531068173652403552e-01,6.597720073140006747e+00,3.545595401459957330e+00
3.531704074704976604e-01,-1.964631905630767505e+00,3.542667691282495479e+00
3.534984775046272620e-01,8.054090630662017247e+00,3.551006735532735270e+00
3.544470791764585127e-01,7.317065187303537499e+00,3.557955182860725429e+00
3.548133989975508218e-01,7.082603631214777096e+00,3.564446248143145368e+00
3.566831885542863789e-01,1.021483338598457635e+00,3.559771683971188594e+00
3.582966746823280646e-01,3.801022597587191854e+00,3.560214346198006474e+00
3.584701221738975097e-01,-3.641560905147237293e+00,3.560363332569708383e+00
3.588960366219425269e-01,1.829675096482866081e+00,3.557199368701176478e+00
3.589887524322697976e-01,-4.458131553059672569e+00,3.558843405533948179e+00
3.591259476699097952e-01,-6.480184567715923549e+00,3.564164609836647291e+00
3.596346286278389037e-01,-3.919409992335346260e+00,3.564810510532099741e+00
3.597647396146560483e-01,-3.403938111912992781e+00,3.564518546106293595e+00
3.614624954897931453e-01,4.693016795175115163e+00,3.566562926992287608e+00
3.630407413345410061e-01,-1.287810838303912675e+01,3.583401164706658815e+00
3.635419663217438480e-01,-1.385626339753088132e+00,3.579434062134539740e+00
3.637793384833774013e-01,1.038534388484450233e+00,3.574855864524359994e+00
3.651651379761185479e-01,3.396621656104883868e+00,3.574535299401302879e+00
3.653724350234441309e-01,-2.095603781365049656e+00,3.571880126119370225e+00
3.683396838760869541e-01,2.353212506789693137e+01,3.607651174402126237e+00
3.693329332210510962e-01,5.159012050392348669e+00,3.610426417471876537e+00
3.695193632655020544e-01,-1.258141633339789678e+00,3.606225908928783142e+00
3.695313026011541879e-01,-6.237392479864229955e+00,3.610916045418864240e+00
3.699631814339481850e-01,1.378098820137068969e+00,3.606943061032241715e+00
3.700424751566851467e-01,-3.622231420942824798e+00,3.606970216200821699e+00
3.721295417745941192e-01,-2.456380311062588362e+00,3.604930163177527014e+00
3.723013987535248592e-01,4.413192889758807524e+00,3.606360716675900857e+00
3.728661200957266164e-01,1.063979645184497258e+01,3.618787281579026516e+00
3.737099032585035063e-01,7.943389423254778592e-01,3.613805891209972199e+00
3.738613078093170339e-01,-1.147255080992863441e+00,3.609463372177900364e+00
3.792127206280418994e-01,6.381138072332060318e+00,3.614334505218593563e+00
3.804240447706644379e-01,-1.210705858505168209e+01,3.629234021148125322e+00
3.810460081565581469e-01,-5.006750145541758457e+00,3.631646483712737794e+00
3.821029818844327020e-01,4.949817611816186513e+00,3.633950978691939060e+00
3.825146612406223889e-01,-1.625042883451314424e+00,3.630445030881746415e+00
3.838953418890582170e-01,1.636557695178986194e-01,3.624405328335816190e+00
3.854625262760902338e-01,6.022259559252379546e+00,3.628575509606974947e+00
3.874370577457499909e-01,3.426380906813541571e+00,3.628224477310458607e+00
3.875119329252137979e-01,2.405759314970762119e+00,3.626105820183353590e+00
3.902180542291094900e-01,5.393942616969287229e+00,3.629164361354263235e+00
3.912188762597676450e-01,6.051205820870684704e+00,3.633347507225622053e+00
3.923667327165464291e-01,1.358378814252020561e+00,3.629425147410149766e+00
3.931939920899941709e-01,-4.207511212374370757e-01,3.623902472666307162e+00
3.944340837114752585e-01,1.904984063337376909e+00,3.620949004609041122e+00
3.975783652623558484e-01,-6.620801265667125790e+00,3.626094548796104711e+00
3.979661714896122748e-01,8.864613114996394927e+00,3.635064614834118579e+00
3.983467233004520658e-01,-2.234841225728359859e+00,3.632671070579236883e+00
3.988350074172587467e-01,-8.491964582402857786e-01,3.627921113902890848e+00
4.008511935272223159e-01,-1.398467995962015209e+00,3.624123067705375956e+00
4.013586946222218454e-01,-2.553662393744104975e-03,3.617963936063689712e+00
4.014315460412654080e-01,-4.566304499407500828e-01,3.612596646613566165e+00
4.018528976197491831e-01,4.680064691765757345e+00,3.614405914486705562e+00
4.029217496281802813e-01,1.406730508468044150e+00,3.610670423105962978e+00
4.035570932239914699e-01,-4.100549269172027778e+00,3.611497921156749946e+00
4.039273447516809057e-01,5.736248876980482692e+00,3.615080975045154243e+00
4.057135330655771144e-01,5.921768898296605244e+00,3.618964288047261224e+00
4.074898868076407554e-01,-5.609865438317243047e-01,3.613824829653621951e+00
4.078107124573390196e-01,-7.757239164185349978e+00,3.620776867127668108e+00
4.083741041988608322e-01,5.229548493732973924e+00,3.623471626971228599e+00
4.089823383456486217e-01,-1.408166983617235246e+00,3.619767104156255133e+00
4.090577021609003161e-01,6.935908614689765272e-01,3.614882001914707654e+00
4.093868250036182821e-01,9.972347549604023698e-01,3.610519256503116559e+00
4.095121591862220800e-01,-1.408565747475494945e+01,3.627948771009359419e+00
4.097651459105513538e-01,2.041334734938828888e-01,3.622261370182922047e+00
4.131537299320746648e-01,1.871796297185021274e+00,3.619358443030354699e+00
4.151517917095448040e-01,-1.792520308424847997e+00,3.616333876582332074e+00
4.178037700187287595e-01,-2.124682214296197458e+01,3.645475179501968199e+00
4.182540547904951556e-01,2.317376184022080565e+00,3.643283597001176322e+00
4.202926238012668070e-01,-5.771719823537743821e+00,3.646790081723641830e+00
4.207398953776303463e-01,4.638321001568286306e-01,3.641554953464484878e+00
4.238529892940586241e-01,3.265508755232037430e+00,3.640937472022395482e+00
4.240110352874998934e-01,-1.716436274673911200e+01,3.663107021653078998e+00
4.256419717539762226e-01,5.928830947651899663e+00,3.666815244117888728e+00
4.261847144168323664e-01,-6.143859628803362227e+00,3.670862702262799981e+00
4.280096246977876384e-01,-6.811100544822224379e+00,3.675985439363223417e+00
4.282578277872404193e-01,-3.037744260130125440e+00,3.674945958615286834e+00
4.294570261535248790e-01,2.335825841101926414e+01,3.706951344716756136e+00
4.295397062402319666e-01,-9.894833185837015321e-01,3.702539870648358100e+00
4.308973017710654441e-01,1.658462841620718109e+00,3.699226941914115940e+00
4.313354848115068529e-01,1.017784966434699356e+01,3.709710150202842005e+00
4.319745093589938967e-01,1.129274535873521756e+01,3.721960610959760718e+00
4.330898790202581949e-01,1.424288135199546446e+00,3.718254687611759923e+00
4.332065712657850454e-01,-1.952538845167971715e+00,3.715411344870305221e+00
4.333981997431453626e-01,5.136731826471212514e-01,3.710263855863515037e+00
4.334256426351532632e-01,4.854244450252725329e+00,3.712100100798329194e+00
4.339557058166534365e-01,-6.826080741617317926e+00,3.717090454389385457e+00
4.368122949871179328e-01,-3.760374282649024735e+00,3.717159708514600869e+00
4.381977359276600370e-01,8.554375420302733346e+00,3.724886890162824482e+00
4.420781585079808229e-01,2.107290260178565688e+00,3.722306991231430384e+00
4.424521059828964153e-01,4.800626644772080454e+00,3.724024060743437392e+00
4.425237702083036906e-01,-8.070673319073648599e+00,3.730934472918843170e+00
4.430531206364091701e-01,3.198909821562509137e+00,3.730089989345261703e+00
4.433768128666737418e-01,-1.021427223576718291e+01,3.740366030940225350e+00
4.437035627194433896e-01,1.109521963912018805e+01,3.752003457535447062e+00
4.446938006768768048e-01,-2.356237817860424855e+00,3.749798456524901624e+00
4.451193779134524076e-01,2.655259379050050939e+00,3.748072054194500069e+00
4.468874150737373596e-01,-9.423376013514609184e+00,3.757009540744610021e+00
4.471009278788533048e-01,2.050679840455558178e-01,3.751424726976215318e+00
4.477721698560088726e-01,5.118777068778143757e+00,3.753571276963345582e+00
4.482156452182264328e-01,1.509277514993435432e+00,3.750053575142076046e+00
4.490767466380217732e-01,-4.262058185717464198e+00,3.750854834313555042e+00
4.513248756607564083e-01,3.474349937669146016e+00,3.750422795412549526e+00
4.520640147906673789e-01,-2.074304837982197114e-01,3.744895506314867006e+00
4.530791590497512122e-01,4.096455551098159731e+00,3.745443107630728630e+00
4.550835662264635095e-01,1.155222166361120628e-01,3.739797818531203966e+00
4.552332763027815976e-01,-4.137308642703235506e+00,3.740415071363769606e+00
4.580511252400089051e-01,-9.132438721199989118e-01,3.736031860202150945e+00
4.583615435250329995e-01,1.795157983714859995e+01,3.758037352426526034e+00
4.587212417764546801e-01,4.730261030660670940e+00,3.759540016535079854e+00
4.587908396318201021e-01,-1.534683975949064916e-01,3.753975091197208513e+00
4.603296601011611644e-01,1.683049457098377388e+00,3.750784142608458716e+00
4.604096177502631226e-01,1.904504375477110045e+00,3.747943712197487898e+00
4.609194479235907971e-01,-3.532980135541038180e+00,3.747613507010611578e+00
4.609674933194578550e-01,5.283579248989973109e+00,3.749969282688494054e+00
4.617066824708075945e-01,6.524475858397330796e+00,3.754218144213315789e+00
4.619975378146598533e-01,-7.484903250757021453e+00,3.759922555691211254e+00
4.621428501117963994e-01,2.784414170948608103e+00,3.758433229912978568e+00
4.657826241687599289e-01,3.007556098800161948e+00,3.757288600139940815e+00
4.663123279385132935e-01,-1.048597033251809307e+00,3.753165781925498656e+00
4.690127890999107318e-01,-1.103465056867290173e+01,3.764231868227546851e+00
4.709090676382581830e-01,-9.007793949422989499e+00,3.772188715088237831e+00
4.784123525631445717e-01,7.106321471464482897e-01,3.767549993015598453e+00
4.801365425771970674e-01,-1.917546012640315212e+00,3.764751197281294370e+00
4.805333365748222230e-01,2.466316187321609732e+00,3.762789815091022394e+00
4.806620296296728045e-01,1.554160622687594184e+01,3.780555752363699895e+00
4.807852536354033646e-01,2.727073809061991483e+00,3.778969183171980273e+00
4.809638832230763716e-01,-5.336256281465850293e+00,3.781310968282196594e+00
4.812875843290397304e-01,-6.436980597500216561e+00,3.785298460217959349e+00
4.813734753605459771e-01,-4.652203781362757695e+00,3.786598168345613136e+00
4.816048348086582331e-01,5.958830164138106511e+00,3.789850012650691991e+00
4.818961860479463732e-01,-8.029320702930995424e-01,3.785385262363161196e+00
4.839611118955579050e-01,-2.231052461529188236e+00,3.783065362660424480e+00
4.844767141918158715e-01,-6.245838106650658972e+00,3.786735664812421298e+00
4.861118060268204144e-01,2.722869422321210209e+00,3.785152530523000269e+00
4.866746389512577320e-01,4.825041252894578747e+00,3.786697684642422956e+00
4.867407322713018791e-01,1.796942849540688059e+00,3.783745526133370340e+00
4.871355962099832015e-01,6.016822062002489702e+00,3.787053787667991056e+00
4.882702540693006354e-01,7.902513757159340457e+00,3.793141746202740805e+00
4.926671245893801676e-01,-5.294988989334612484e+00,3.795360132086244676e+00
4.929209567775733047e-01,3.185823885249078558e+00,3.794461111073210713e+00
4.935072504645270364e-01,-6.828459391143098856e+00,3.798929444328100313e+00
4.967916808879188073e-01,2.119185270301542801e+00,3.796459232307472398e+00
4.975766133442230954e-01,-4.688600054794065386e-01,3.791572889830486126e+00
4.984913374702623634e-01,-2.291786738968077941e-01,3.786349437900963899e+00
5.007558226508017629e-01,-1.828587015195171261e+01,3.807578604392985788e+00
5.015310378366768518e-01,4.340192980501946352e+00,3.808357280381449605e+00
5.020951597265237432e-01,2.027054470138523357e+00,3.805756838322700730e+00
5.043235689269752742e-01,-3.213589405593516801e+00,3.804893620490733319e+00
5.049210021954396721e-01,-1.918850581918057685e+00,3.802148288556858269e+00
5.062409577728047561e-01,1.223251446267770604e+00,3.798399891983763155e+00
5.064691852275722272e-01,-1.301415886811951594e+01,3.811775449278590688e+00
5.094876569588924209e-01,2.918597762096077020e+00,3.810480988862384066e+00
5.105144723645915761e-01,-1.304017417293877656e+00,3.806853689916553929e+00
5.127438498320491256e-01,7.208278720933734007e-01,3.802394115035306221e+00
5.170609512880641745e-01,2.000524725693254169e+01,3.825774855499804783e+00
5.196638515708918993e-01,2.136222785642686972e+00,3.823340342430846750e+00
5.244963791231780359e-01,-1.120303180494218509e+00,3.819451080327340264e+00
5.247895329204842474e-01,3.855535789067374708e-01,3.814517319549437069e+00
5.273240573779851559e-01,9.325180908066350582e+00,3.822423580078156302e+00
5.326578538703814480e-01,-3.743701338709236381e+00,3.822310797497397772e+00
5.329181674648376665e-01,2.328314726767175102e+00,3.820173464062877500e+00
5.389456348575770717e-01,4.010670671513430818e+00,3.820445602930663487e+00
5.406477733717020007e-01,5.578315403494496394e+00,3.822953263131182222e+00
5.416083231866071213e-01,2.912386566128510879e+00,3.821656159574198686e+00
5.441052345244344890e-01,-8.796739016752709972e+00,3.828733091092233476e+00
5.457195723508555529e-01,-3.851765788437120364e+00,3.828765807991871384e+00
5.516901169940885419e-01,1.484536494071164725e-01,3.823545507057708903e+00
5.537945191855792038e-01,2.365761225162678727e+00,3.821480656800066988e+00
5.546323509744891522e-01,-2.757686389593786203e+00,3.819975997299068116e+00
5.559995611314969555e-01,1.907902095722363356e+00,3.817275327946558772e+00
5.588805527485620761e-01,4.486265844688830384e+00,3.818218897081597785e+00
5.591621367230668049e-01,5.242862813867361638e-01,3.813579555369351226e+00
5.651843168772172632e-01,2.757405622865135797e+01,3.846997947314894972e+00
5.674508499225542346e-01,-5.726149236861033387e-01,3.842399094753618627e+00
5.699789996411344095e-01,-5.105403110568637715e+00,3.844170488885196413e+00
5.720418816137082807e-01,2.147303578589256290e+01,3.868860776416019220e+00
5.751325937295326263e-01,-2.698077570413829562e+00,3.867223317386645931e+00
5.753620395261154208e-01,-2.288531133920052696e+00,3.865018440035434821e+00
5.813056122278775772e-01,2.600839385703977769e+00,3.863255289332044207e+00
5.816682116384404022e-01,1.998514352062365163e+00,3.860658157107434540e+00
5.836958275226910020e-01,1.087375658384644339e+00,3.856801018722562979e+00
5.848164960257391520e-01,4.285839510321878265e-01,3.852039606128547788e+00
5.874252215683544165e-01,1.051226983047089192e+01,3.861277096037483147e+00
5.899383495775365471e-01,3.293370501981456755e+00,3.860490521807488307e+00
5.950597614294836912e-01,-8.783791190744679511e+00,3.867300066301178063e+00
5.975291156033530893e-01,-2.965102272963576979e+00,3.866053936752368969e+00
6.006473303559045629e-01,1.428541339198673654e+00,3.862691850410915340e+00
6.015073300248942045e-01,4.290792669607149890e+00,3.863281520960772486e+00
6.080395743735731440e-01,2.967952394963603524e+00,3.862049981585260916e+00
6.082715458213341364e-01,-2.345372474462010359e+00,3.859966633361190169e+00
6.132172783644733727e-01,6.897499172723115635e+00,3.864133344663470027e+00
6.134917772916756995e-01,1.469417608482218185e+01,3.878969019649988859e+00
6.142562542024732064e-01,-9.994537122699043152e-01,3.875029874222656101e+00
6.150615483899155578e-01,-1.107201642527158469e+00,3.871248688113781977e+00
6.179896147194634537e-01,4.112372940202313032e+00,3.871577643437231764e+00
6.190252190474418992e-01,7.055364879255407118e+00,3.875915228227174492e+00
6.218071099537669788e-01,6.902632379982165389e-02,3.870735787540879436e+00
6.220764890757681798e-01,-8.106561772525559206e+00,3.876490985890043373e+00
6.232225759387433062e-01,4.563819790356035355e+00,3.877423589423918848e+00
6.301292080217446578e-01,-2.143844487791426445e-01,3.872460121753668272e+00
6.346019208676856316e-01,2.693295700706222817e+00,3.870864500074307823e+00
6.347729498065977083e-01,3.657855056733552601e+00,3.870576649475198749e+00
6.348485183307498447e-01,6.767151117576780450e+00,3.874485656854552929e+00
6.362297036667603489e-01,3.929637769503997902e+00,3.874559985847342514e+00
6.372164816825962586e-01,-1.884521001321199307e+01,3.894708909168155930e+00
6.389381447459060448e-01,5.921195357561387596e+00,3.897432681276211230e+00
6.392358579830975662e-01,2.882569161998773666e+00,3.896070448364429950e+00
6.401713525025898299e-01,-5.984071102406701925e+00,3.898869376855103042e+00
6.402290289248203647e-01,-2.080231624913736255e+00,3.896434788164418350e+00
6.422963877798795185e-01,-3.729365724005226923e+00,3.896211433800569335e+00
6.445255868404813349e-01,-5.618375254655873619e+00,3.898510717940562920e+00
6.457965983045359515e-01,-4.629884299704926320e+00,3.899485882716248408e+00
6.469653801454983144e-01,4.732380012938044445e+00,3.900594929494173524e+00
6.473268807100469591e-01,6.932476878430605893e+00,3.904626687404993746e+00
6.595914530827247102e-01,-3.775649550386788178e-01,3.899942674480203930e+00
6.600810108188628345e-01,1.077024402571859696e+01,3.909054479985825115e+00
6.623414738274731040e-01,4.483558522033789018e+00,3.909815412491849163e+00
6.667368674123064221e-01,-2.539264924307026661e+00,3.908002515020705392e+00
6.697960511149325669e-01,7.068102901991863973e-01,3.903773727405353000e+00
6.721760055639838249e-01,2.077179446314573852e+00,3.901363972417107195e+00
6.788517407753846822e-01,-2.361244074868447740e+01,3.927333770541305835e+00
6.814649671837543776e-01,1.467030839238248063e-02,3.922185529143741523e+00
6.816981253264339236e-01,-1.977643737718381090e+00,3.919630283688518180e+00
6.828222452730767777e-01,2.647521142732021815e+01,3.949230783877010875e+00
6.855088143576212323e-01,7.789208736074186845e+00,3.954263520380545849e+00
6.892162142999878061e-01,2.529947160067835199e+01,3.982202274412349308e+00
6.956614643139310550e-01,3.859009681188783958e+01,4.027441352239114813e+00
6.967733814664700542e-01,-1.528813402584436432e+00,4.024179435855753439e+00
7.003627766073102778e-01,6.143391706680070286e+00,4.026942424474820648e+00
7.009013364525606971e-01,3.914646441330046400e+01,4.072670968731103791e+00
7.046211203206067530e-01,1.046951956800491246e+00,4.068736353631064340e+00
7.046746065170246265e-01,2.262350137680272155e+00,4.066390397506452814e+00
7.070973688514652356e-01,-4.440868045426412891e+00,4.066876101329954807e+00
7.090668294199883315e-01,-1.371787811241667043e+00,4.063385054322068868e+00
7.098996516752532626e-01,-9.508276193938058896e-01,4.059358459968991362e+00
7.123898061809688098e-01,-9.110594886168996709e-01,4.055290890238563151e+00
7.144299081249738670e-01,8.710714678025929913e+00,4.061297888674417322e+00
7.174557131365610907e-01,2.335520306103120447e+00,4.059073948490691919e+00
7.203918790545709161e-01,3.151694728020729031e+00,4.057906150266148870e+00
7.287390122499245448e-01,5.870429057446713728e+00,4.060235871226534066e+00
7.291988488301910376e-01,-1.129073457477346665e+00,4.056473146690271037e+00
7.296378592353689463e-01,-3.834517508537885533e+00,4.056188588179819199e+00
7.303496248631276000e-01,1.089442785259528534e+01,4.064944336277662273e+00
7.351223754931256460e-01,-3.635934517232549013e+00,4.064395730370955029e+00
7.416757332520644841e-01,-4.296249134919492008e+00,4.064691839444452448e+00
7.431002943471258781e-01,-1.070867539371920429e+01,4.073166308263679980e+00
7.500867556045355267e-01,-3.970484790860311364e+00,4.073035503782912237e+00
7.519990064874880753e-01,1.524226902211378842e+01,4.087245724544147585e+00
7.663824099305516224e-01,9.910880508313020698e+00,4.094645514612468062e+00
7.693490164024345823e-01,-4.687504636427490823e+00,4.095397873904111918e+00
7.745743422140622947e-01,3.283660774848698338e+00,4.094369056288071462e+00
7.775088158534263494e-01,-7.518680718888536063e+00,4.098703628012883016e+00
7.795205615037075209e-01,3.325129081420634236e+00,4.097725657663208843e+00
7.839013256793624373e-01,-2.007806287626863195e-01,4.092805272525708027e+00
7.850916076562010071e-01,-7.979359653110719819e+00,4.097706349928715852e+00
7.853099805366938746e-01,-3.877073511463393629e+00,4.097428474817298216e+00
7.882107316283569753e-01,1.481193630414554718e+01,4.110905843156076322e+00
7.913462378171063349e-01,8.295331628812220970e+00,4.116162659469714491e+00
7.961493667813900332e-01,-8.774737736295811885e+00,4.122007797583674638e+00
7.987658490992773919e-01,1.659839737658869296e+01,4.137642370990948670e+00
7.988267370747395013e-01,3.241294638989181465e+00,4.136520534029744844e+00
8.020504243184755078e-01,7.856034233434979086e+00,4.141169926154001146e+00
8.039545218462023080e-01,2.591034001739366488e+00,4.139234675312035705e+00
8.045071985924945324e-01,8.220950441221276606e+00,4.144324096466536211e+00
8.059440099443926364e-01,-4.873617423676474658e+00,4.145232307334792310e+00
8.078051852233089081e-01,1.258433834357509795e+01,4.155728707877380579e+00
8.090791540299597795e-01,-9.266463601873397238e+00,4.162077446876132569e+00
8.097233748913428286e-01,9.123699971256158392e+00,4.168233306087522294e+00
8.119602025826787584e-01,1.804475929745866836e+01,4.185428505581166192e+00
8.150279835037508303e-01,1.002932129599550137e+00,4.181489772442575692e+00
8.153438034870671425e-01,-4.482335021982407852e+00,4.181861645433353480e+00
8.212931587918954612e-01,2.099679441380568790e+01,4.202620821690604025e+00
8.261982743359512771e-01,3.335984099975725314e+00,4.201552219074432770e+00
8.276422640599685465e-01,2.856723241611156539e+00,4.199896025752432926e+00
8.330788201029339923e-01,2.166533577957125090e+00,4.197394964931036476e+00
8.371653276193932181e-01,1.368775004579324417e+01,4.209053877806788968e+00
8.453392985594931908e-01,3.163925764317102818e+00,4.207771512023366078e+00
8.467926983529660001e-01,1.193559094411682509e+00,4.204077624256686185e+00
8.494074554609536420e-01,1.506724128425885567e+01,4.217374030205280455e+00
8.536834082248925260e-01,1.295264782802000525e+01,4.228052849029015903e+00
8.545404465170357566e-01,-7.543421659544605973e+00,4.232100918394723799e+00
8.555026909123253365e-01,1.378485379374205166e+01,4.243750617023196448e+00
8.558520862554491737e-01,1.920303179097902557e+01,4.261971422350791627e+00
8.570303140757173921e-01,8.794693514661773293e-01,4.257856456327817618e+00
8.587537299914261846e-01,1.125953680417050862e+01,4.266363965863471108e+00
8.604709228692488665e-01,-1.980525043459213208e+00,4.263589889501329999e+00
8.614165944531767538e-01,-5.774019946467738862e+00,4.265420713812804188e+00
8.620152109439078725e-01,-2.400038111540794716e+00,4.263162381364533182e+00
8.630475081611501675e-01,2.696622639838437863e+00,4.261268137420728408e+00
8.634902760991690629e-01,-7.787242786074461520e+00,4.265526560909441045e+00
8.713760035526691983e-01,1.277657803691272420e+01,4.275793209252026550e+00
8.730247996318114545e-01,1.790053571088531470e+01,4.292208561663632516e+00
8.744447554299542569e-01,3.087976611664096538e+00,4.290759425743055466e+00
8.769503222869217129e-01,6.907050771952754076e-01,4.286432437343359325e+00
8.839086846877410863e-01,-5.340350490272719242e+00,4.287697645089973086e+00
8.940020823462022648e-01,1.767332976601899475e+00,4.284675625103776753e+00
8.949339588680623736e-01,1.367700601341066147e+01,4.295923924970011853e+00
9.001639555803947479e-01,-2.256248664419302941e+00,4.293484122026769434e+00
9.006406149884198520e-01,-8.911149173070704421e+00,4.299001045624193829e+00
9.011917265719781023e-01,-1.852391038900123021e+00,4.296081463277268142e+00
9.023928593033995194e-01,1.333986069548546283e+01,4.306860699549267757e+00
9.124667123623375620e-01,-3.116875874873173302e+00,4.305444050948462831e+00
9.145054259735507785e-01,5.271772169841682398e+00,4.306593073681986183e+00
9.165062545188424892e-01,-9.980608533940255711e+00,4.313331809383005755e+00
9.207557056916111371e-01,1.028901510949769005e+00,4.309435688032550615e+00
9.239210796487038468e-01,6.461108289561025231e+00,4.311985063152845576e+00
9.297352678831160011e-01,-2.244879575394875815e-02,4.306908688871899926e+00
9.298064702999750963e-01,7.216228927844777985e+00,4.310347601683925056e+00
9.372132087823802360e-01,1.597014361857850417e+01,4.324113594620046186e+00
9.400553538125129283e-01,2.519995807977512214e+00,4.321986097230136714e+00
9.432522117769202019e-01,2.112179529433205971e+00,4.319383262639092891e+00
9.449538728808358767e-01,-7.422868828332937596e+00,4.323034422128143817e+00
9.531702199450953206e-01,1.190552413758583938e+01,4.331944515800832285e+00
9.542832722590335326e-01,-2.045492625317610447e+00,4.329260886821391985e+00
9.656777212949900768e-01,-8.782965183320143865e+00,4.334482111084579259e+00
9.866416918484632870e-01,8.550855417825847127e+00,4.339419316361794010e+00
9.880232312007666273e-01,1.975252779485312260e+01,4.357446343822017454e+00
9.917668288517873521e-01,4.219192219430112800e+00,4.357284831994457264e+00
9.927007516791261921e-01,2.158802786146430464e+01,4.377390716509591329e+00
9.938305281786019574e-01,1.311002032033559317e+01,4.387568606490740208e+00
1.002828697051606266e+00,-2.043642598603895522e+00,4.384839938262699910e+00
1.003019045806505583e+00,-1.232830249828012370e+00,4.381174810718007961e+00
1.008982534196844583e+00,-1.820567800400050373e+01,4.397231144275827397e+00
1.011823976013769721e+00,-3.717958083747447517e+00,4.396443124484031628e+00
1.018225507912411176e+00,2.071572495411250259e+01,4.415353068666682645e+00
1.027585597860213973e+00,6.831286513404904781e+00,4.418149287931425917e+00
1.030522146673634953e+00,5.356613646134661622e+00,4.419234217825302125e+00
1.033077145216296344e+00,9.377218655099568423e-01,4.415213995709464712e+00
1.048588135799522592e+00,2.808940892375176190e+00,4.413361316236183995e+00
1.051074839956759543e+00,2.008786646635828532e+01,4.431419501893007151e+00
1.059851347210009731e+00,1.879750105777625890e+01,4.447951241312895654e+00
1.061862797463142938e+00,2.829390945664225399e+01,4.475360388686837609e+00
1.063895606259997351e+00,3.509475517759440066e+01,4.510514688100049518e+00
1.069934185055111397e+00,4.185668088247155083e+00,4.510142157595630863e+00
1.073134011263952914e+00,1.740608576693128384e+01,4.524914143402430255e+00
1.075196013394767114e+00,1.032338277965425277e+01,4.531548546876402739e+00
1.078717279514202598e+00,9.527800084175559903e+00,4.537258548633315236e+00
1.081285564242012942e+00,-7.778037001479283674e+00,4.540958067415103550e+00
1.096435213577380940e+00,4.936306619651489314e+00,4.541408863939888185e+00
1.106413378026597893e+00,-2.206788495426927454e+00,4.538749843019030727e+00
1.107089917123584399e+00,4.364734872418299716e+00,4.538551873769200107e+00
1.108254486768756708e+00,-1.698942994350062463e+00,4.535325045497133445e+00
1.117633198375368009e+00,1.539088271771768746e+01,4.547646904375930887e+00
1.117992618360414969e+00,5.521105680483401557e+00,4.548750599133422945e+00
1.126321937554450647e+00,3.955717791177767140e+01,4.588397742182849903e+00
1.137648679309383848e+00,6.860724565438601985e+00,4.590968247639021449e+00
1.137926829663620243e+00,6.649391837683182871e-01,4.586532056606398733e+00
1.141907626911639495e+00,3.966471256983368221e+00,4.585832213717433881e+00
1.178768120268438802e+00,1.017389556822884344e+01,4.592132172403466939e+00
1.183865441128014950e+00,5.285142733783942504e+00,4.592912589702319082e+00
1.189697288649530948e+00,-2.699381158118683288e+00,4.590782633086364584e+00
1.192197074209990104e+00,1.465571422249635702e+01,4.602091544984578064e+00
1.197576546426923461e+00,5.264498011218005757e+00,4.602834986585288668e+00
1.205296682824440690e+00,-1.610797653133346330e+00,4.599480684641956252e+00
1.207567024398559674e+00,5.753538714412741228e+00,4.600773022861185169e+00
1.215379496581991958e+00,1.510032069257930232e+01,4.612517483341854074e+00
1.226986876771008594e+00,-3.775057410613797515e+00,4.611581773763386849e+00
1.241493108858842342e+00,3.347491177261694872e+00,4.610170958365506166e+00
1.244592046544119812e+00,-4.627110569376625904e+00,4.610189843104649299e+00
1.251175322038916571e+00,-1.519176597088403469e+00,4.606747734812871364e+00
1.258727540558585822e+00,-1.010815102965995749e+01,4.612867204551299949e+00
1.261424495907224497e+00,1.432738638897251349e+01,4.623661114756212775e+00
1.263658478583912448e+00,8.804699479213617508e+00,4.628301556892124857e+00
1.288836020794272619e+00,-6.827444491295324269e+00,4.630739631098779618e+00
1.292776263996163078e+00,4.137629473161496207e+00,4.630193551189657697e+00
1.298589226636303495e+00,9.334731858076850131e-02,4.625174915976595358e+00
1.305097986690113565e+00,-2.178610083045839474e+00,4.622471529420869807e+00
1.311842999524336362e+00,3.344047402215032605e+00,4.621060465262806893e+00
1.321565740281680501e+00,4.384088440276343590e-01,4.616448941975887621e+00
1.334302297652117719e+00,2.584240340221639087e+01,4.639825543804347419e+00
1.344984554324525128e+00,-1.556831684595739773e+01,4.651848086490983469e+00
1.355403705067590003e+00,-1.381799373018239407e+00,4.648254626366289166e+00
1.357295968689141041e+00,6.250237428328865974e+00,4.650013114623107846e+00
1.358660301398298742e+00,3.884657618709638882e+00,4.649173909035483554e+00
1.358982507124407491e+00,-2.342301949961296259e-01,4.644338264222734658e+00
1.367757851031602634e+00,-5.557739792542321311e+00,4.645337609439715187e+00
1.376717651579304480e+00,-7.497590437805840224e+00,4.648454825645579547e+00
1.383008751814115200e+00,1.258955102239946200e+01,4.657124144637668550e+00
1.386175117247726574e+00,1.446245317812441300e+01,4.667816978916279780e+00
1.386438088251404466e+00,-1.890197508722962993e+00,4.664791249645917404e+00
1.389812263997017627e+00,-1.975719131462682299e+00,4.661865164642454040e+00
1.394832183501877765e+00,1.464540555144075995e+01,4.672716838975929932e+00
1.406146665528221984e+00,1.092349949633626238e+01,4.679503790829741661e+00
1.408269703442682097e+00,4.969201272465042507e-01,4.674967366031927973e+00
1.413007326453006085e+00,1.812579184636433638e+00,4.671866187070503607e+00
1.415211450305368324e+00,1.120623550965600401e+01,4.678938015341699952e+00
1.428331265679925410e+00,-3.400602085728760215e+00,4.677556030552929123e+00
1.430322372725717273e+00,1.416334775938537405e+00,4.674034193344922095e+00
1.434769526671955342e+00,4.462876726178041764e+00,4.673806407511948535e+00
1.442056907927441678e+00,1.428431482656762341e+01,4.684162558825585521e+00
1.449384040418555619e+00,4.577885244628227213e+00,4.684048159133230804e+00
1.452034546992748254e+00,9.170076269923242762e+00,4.688871845273865802e+00
1.458390941996941637e+00,1.837733739581656778e+01,4.703574815790022789e+00
1.479146004863078900e+00,3.747246821966498942e+00,4.702548712792358643e+00
1.479975587694045913e+00,2.357449197736052326e+01,4.722775875991252370e+00
1.489849304279728059e+00,1.802695678956723668e+01,4.737020181037907562e+00
1.494689942875161215e+00,1.571345415344521257e+01,4.748759682612674560e+00
1.498527870418322250e+00,-2.315575194346536136e+00,4.746160126535467150e+00
1.500546098324265998e+00,1.559884905253679221e+01,4.757742505325224691e+00
1.508402676659333252e+00,5.687764191095453725e+00,4.758733999659733094e+00
1.518850811380144883e+00,-7.646796297441532886e+00,4.761809678358116749e+00
1.519087166474800465e+00,-4.834931314148491310e+00,4.761887467332361012e+00
1.522283289645850690e+00,-1.547678753090103498e+01,4.773274183659214742e+00
1.536779040210859426e+00,6.862327761287740913e+00,4.775491862616357608e+00
1.539132963296771628e+00,1.655228275428370921e+01,4.787980506191826358e+00
1.540846968896840696e+00,1.231642458602204471e+01,4.795955552886562501e+00
1.558919643105846076e+00,8.796402832260810101e-01,4.791811303923958043e+00
1.562713194455938925e+00,1.353093807741693411e+00,4.788176295999875265e+00
1.571695569991512720e+00,1.146285865054321818e+01,4.795224535022625467e+00
1.574764935388193621e+00,1.195610786369343259e+01,4.802778209419956035e+00
1.594270784605799962e+00,2.648318688702303803e+00,4.800507967564617395e+00
1.595365229755736802e+00,-1.595098046789485124e+01,4.812245307038649500e+00
1.609498399506340771e+00,8.003127869060101318e+00,4.815600598901974116e+00
1.612416828497421850e+00,8.700561210190954853e+00,4.819681439880216800e+00
1.613832092117490458e+00,-1.611002081144448539e+00,4.816314515054680889e+00
1.649453405006174878e+00,1.029975673385494161e+01,4.822062358051327102e+00
1.667185028219403620e+00,1.923878286819945060e+01,4.837158400470332076e+00
1.686867417005664560e+00,5.033389861469963478e+00,4.837363663504850031e+00
1.688406400838809773e+00,5.081226865512270763e+00,4.837618483987616180e+00
1.705839948094446612e+00,2.987302015659828669e+00,4.835687047173077069e+00
1.716852062417980163e+00,9.934238719342985746e+00,4.841003576549687715e+00
1.748654395467335032e+00,2.636613907831413428e+01,4.863425592697359079e+00
1.751944458563170270e+00,2.453236885338071716e+01,4.883892755299527266e+00
1.767140188636493692e+00,2.767213605936376553e+01,4.907581157902504820e+00
1.772608560273178924e+00,-1.024341397484178628e-01,4.902591389451669279e+00
1.775675350319234402e+00,2.664094358782995187e+01,4.925141547333804937e+00
1.804404591200364560e+00,1.627885054642430873e+01,4.936907048887266392e+00
1.809871540402225643e+00,-6.150319396062862154e+00,4.938163169329477853e+00
1.810872317442624890e+00,8.714031311507490329e+00,4.942067893364821884e+00
1.812476131700374804e+00,-9.591584238647783422e+00,4.946871112729783526e+00
1.835467400406923577e+00,9.808090559235861150e+00,4.951887851064670443e+00
1.852453012955201039e+00,1.169438961267859156e+01,4.958838883808602382e+00
1.875642330104350775e+00,2.189875718551698469e+01,4.976284731699137431e+00
1.877008537002357258e+00,-5.590596208246310539e+00,4.976916739391057831e+00
1.919266571471927474e+00,2.412063043460878475e+01,4.996591676385115477e+00
1.943894142321685781e+00,8.369851699974525161e+00,5.000054982364160239e+00
1.952308158068956745e+00,-2.697538868190534345e+01,5.022593786158561002e+00
1.960062953088112625e+00,2.216122189052441627e+00,5.019718302964804479e+00
1.980703339180513556e+00,3.476618887607969555e+00,5.018138876746425225e+00
1.981085808821396732e+00,1.880298928404528880e+01,5.032233815813192734e+00
1.981954463981326242e+00,-6.925739238742750103e+00,5.034167937797799475e+00
1.990362592004824682e+00,1.177181480615602993e+01,5.041043087663471312e+00
1.994923820793291114e+00,7.906164493805093230e+00,5.043963700717641885e+00
2.021181228216707204e+00,-5.377269987244570615e+00,5.044303116488035421e+00
2.021717235261277335e+00,4.467880391643976878e+00,5.043716725109761434e+00
2.025528492310273432e+00,1.567194935164020109e+01,5.054517774526966711e+00
2.031381457225037046e+00,-3.042363035738944177e-01,5.049695153744274023e+00
2.032512697675459279e+00,6.485312833826000656e+00,5.051151155448209806e+00
2.062368210238179511e+00,6.024739387128811074e+00,5.052137567030460019e+00
2.128078052638840312e+00,-1.531142047721516519e+00,5.048573806383385154e+00
2.141606305938192900e+00,6.056173404699165985e+00,5.049592612852866758e+00
2.151090015291893920e+00,1.677142320434035128e+01,5.061432845773561340e+00
2.153754182062640687e+00,8.092812146719470690e+00,5.064491755259883377e+00
2.155364396738463473e+00,-2.109896622584514603e+00,5.061513332747105132e+00
2.213713763717317207e+00,1.137697349994779472e+01,5.067873312774497485e+00
2.310046177319111216e+00,8.442994363247180445e+00,5.071268806789058559e+00
2.316562535130205269e+00,-1.835620385159791113e+01,5.084620500301428869e+00
2.337010555915220333e+00,-4.580054047863981737e+00,5.084113907477695982e+00
2.338022397355495663e+00,6.443249287961592131e+00,5.085477132533346989e+00
2.353389119979279798e+00,2.158029969456266883e+01,5.102005010852013633e+00
2.378991018228083121e+00,8.264716965084105027e+00,5.105170888684077646e+00
2.393324267975926123e+00,1.077992141542225824e+01,5.110845639210816138e+00
2.467613653535340124e+00,-2.263931410810357647e+00,5.108001569052573743e+00
2.481305832724398641e+00,-2.896290914912867720e+00,5.105794272990558547e+00
2.501738583373062763e+00,2.198477923823291036e+01,5.122622772457400941e+00
2.508677723965860196e+00,1.780913654373999577e+01,5.135258742349115835e+00
2.588320470769704507e+00,7.866978113522918648e+00,5.137976871076652685e+00
2.657495719402382495e+00,2.827558804306143259e+00,5.135680232839305859e+00
2.666971965901502095e+00,1.201926027417469456e+01,5.142515962771118332e+00
2.669598671373064835e+00,2.610248711527447085e+00,5.140003792879011435e+00
2.724320129432474147e+00,1.453392386165558037e+01,5.149313921787611825e+00
2.757072008781913830e+00,7.320957185793304234e-01,5.144940438418097450e+00
2.814503672283526381e+00,1.227582426836568175e+01,5.151993735974921051e+00
2.838945212243142002e+00,-1.467238214833133725e+01,5.161401234406103100e+00
2.904179297261532788e+00,-5.215097040418477548e+00,5.161454241124772579e+00
2.981311579137754020e+00,5.881705490660053215e+00,5.162164548076977333e+00
3.016014942816237721e+00,-8.733795126436234568e+00,5.165683395937429978e+00
3.188929237311712850e+00,-2.536127297619103160e+00,5.163095250171368278e+00
3.268301437794548736e+00,1.276779259536975530e+01,5.170572828681888389e+00
3.311586235332969252e+00,7.409486328507810526e+00,5.172772154320223414e+00
3.396340159605375497e+00,6.072897411710798110e+00,5.173655496084100136e+00
3.570632628295649091e+00,-1.796117433085578341e+01,5.186192279255445570e+00
3.612910737464233968e+00,1.210636165808980991e+01,5.192970114102491763e+00
3.675554507220607725e+00,1.071985476134589987e+01,5.198378024716231671e+00
3.807332836949096411e+00,-3.170849014375548336e+00,5.196396080424598551e+00
3.848363537531356293e+00,-6.977942720773171459e+00,5.198135872065564378e+00
3.924479431853518996e+00,1.245225204280630038e+01,5.205213058573604279e+00
3.947158450934960428e+00,1.276526561005159977e+01,5.212581530846000177e+00
3.948098195016911838e+00,1.385192517071283191e+01,5.220993744711498685e+00
4.050823558243310529e+00,1.897738177140786320e+01,5.234375445126572934e+00
4.083114625306341949e+00,-2.241016006542935202e+00,5.231466446643984192e+00
4.118069075735000695e+00,1.932733809551240967e+01,5.245151758924438745e+00
4.169169466723626982e+00,1.324589386708533922e+01,5.252911935556990208e+00
4.207825287386100399e+00,9.259763495378912523e+00,5.256794543657592911e+00
4.275265143831445513e+00,-1.940140328915273926e+01,5.270487291717123490e+00
4.748022968337769711e+00,2.130203826966987180e+01,5.285991693049766127e+00
4.828125547974659426e+00,1.319254848992318330e+01,5.293630878360755965e+00
4.962214122906271285e+00,3.972182872889379723e+01,5.326862729567833910e+00
4.982711220173800193e+00,-1.694892200548565597e+00,5.323360347186908648e+00
5.108016094739529223e+00,1.316894188819674127e+00,5.319500553200042781e+00
5.130509859593950672e+00,8.401043435997053166e+00,5.322466427004466816e+00
6.424140898917656273e+00,2.633035759770609729e+01,5.342666322360910769e+00
6.605837194068228335e+00,1.940814782414805251e+01,5.356177831968776282e+00
7.784857928538148286e+00,1.619869444020385885e+01,5.366583318157100990e+00
7.996924745490170849e+00,-1.447583574468626466e+01,5.375317021346486257e+00
